#
# A fatal error has been detected by the Java Runtime Environment:
#
#  SIGSEGV (0xb) at pc=0x00007efbdcfd8c6a, pid=7764, tid=7817
#
# JRE version: OpenJDK Runtime Environment Temurin-21.0.6+7 (21.0.6+7) (build 21.0.6+7-LTS)
# Java VM: OpenJDK 64-Bit Server VM Temurin-21.0.6+7 (21.0.6+7-LTS, mixed mode, sharing, tiered, compressed oops, compressed class ptrs, parallel gc, linux-amd64)
# Problematic frame:
# J 7849 c2 org.eclipse.jdt.internal.core.index.DiskIndex.copyQueryResults(Lorg/eclipse/jdt/internal/compiler/util/HashtableOfObject;I)V (221 bytes) @ 0x00007efbdcfd8c6a [0x00007efbdcfd7f80+0x0000000000000cea]
#
# Core dump will be written. Default location: Core dumps may be processed with "/usr/share/apport/apport -p%p -s%s -c%c -d%d -P%P -u%u -g%g -- %E" (or dumping to /home/viniciussaousa/Documentos/projeto_programa/lab9/core.7764)
#
# If you would like to submit a bug report, please visit:
#   https://github.com/adoptium/adoptium-support/issues
#

---------------  S U M M A R Y ------------

Command Line: --add-modules=ALL-SYSTEM --add-opens=java.base/java.util=ALL-UNNAMED --add-opens=java.base/java.lang=ALL-UNNAMED --add-opens=java.base/sun.nio.fs=ALL-UNNAMED -Declipse.application=org.eclipse.jdt.ls.core.id1 -Dosgi.bundles.defaultStartLevel=4 -Declipse.product=org.eclipse.jdt.ls.core.product -Djava.import.generatesMetadataFilesAtProjectRoot=false -DDetectVMInstallationsJob.disabled=true -Dfile.encoding=utf8 -XX:+UseParallelGC -XX:GCTimeRatio=4 -XX:AdaptiveSizePolicyWeight=90 -Dsun.zip.disableMemoryMapping=true -Xmx1G -Xms100m -Xlog:disable -javaagent:/home/viniciussaousa/.vscode/extensions/redhat.java-1.41.1-linux-x64/lombok/lombok-1.18.36.jar -XX:+HeapDumpOnOutOfMemoryError -XX:HeapDumpPath=/home/viniciussaousa/.config/Code/User/workspaceStorage/6b335816540215a403441bc9cf588808/redhat.java -Daether.dependencyCollector.impl=bf /home/viniciussaousa/.vscode/extensions/redhat.java-1.41.1-linux-x64/server/plugins/org.eclipse.equinox.launcher_1.7.0.v20250331-1702.jar -configuration /home/viniciussaousa/.config/Code/User/globalStorage/redhat.java/1.41.1/config_linux -data /home/viniciussaousa/.config/Code/User/workspaceStorage/6b335816540215a403441bc9cf588808/redhat.java/jdt_ws --pipe=/run/user/1000/lsp-a2a4e7a4cf4245022253a36a5f826743.sock

Host: Intel(R) Core(TM) i5-10500H CPU @ 2.50GHz, 12 cores, 15G, Ubuntu 24.04.2 LTS
Time: Fri May  9 09:52:59 2025 -04 elapsed time: 5.554582 seconds (0d 0h 0m 5s)

---------------  T H R E A D  ---------------

Current thread (0x00007efb38982bb0):  JavaThread "Java indexing" daemon [_thread_in_Java, id=7817, stack(0x00007efb816f7000,0x00007efb817f7000) (1024K)]

Stack: [0x00007efb816f7000,0x00007efb817f7000],  sp=0x00007efb817f54b0,  free space=1017k
Native frames: (J=compiled Java code, j=interpreted, Vv=VM code, C=native code)
J 7849 c2 org.eclipse.jdt.internal.core.index.DiskIndex.copyQueryResults(Lorg/eclipse/jdt/internal/compiler/util/HashtableOfObject;I)V (221 bytes) @ 0x00007efbdcfd8c6a [0x00007efbdcfd7f80+0x0000000000000cea]
j  org.eclipse.jdt.internal.core.index.DiskIndex.mergeWith(Lorg/eclipse/jdt/internal/core/index/MemoryIndex;)Lorg/eclipse/jdt/internal/core/index/DiskIndex;+298
j  org.eclipse.jdt.internal.core.index.Index.save()Z+40
j  org.eclipse.jdt.internal.core.search.indexing.IndexManager.saveIndex(Lorg/eclipse/jdt/internal/core/index/Index;)V+39
j  org.eclipse.jdt.internal.core.search.indexing.AddJrtToIndex.execute(Lorg/eclipse/core/runtime/IProgressMonitor;)Z+665
j  org.eclipse.jdt.internal.core.search.processing.JobManager.indexerLoop()V+269
j  org.eclipse.jdt.internal.core.search.processing.JobManager$$Lambda+0x00007efb8e2db698.run()V+4
j  java.lang.Thread.runWith(Ljava/lang/Object;Ljava/lang/Runnable;)V+5 java.base@21.0.6
j  java.lang.Thread.run()V+19 java.base@21.0.6
v  ~StubRoutines::call_stub 0x00007efbdc537cc6
V  [libjvm.so+0x9111d5]  JavaCalls::call_helper(JavaValue*, methodHandle const&, JavaCallArguments*, JavaThread*)+0x2e5
V  [libjvm.so+0x912b52]  JavaCalls::call_virtual(JavaValue*, Handle, Klass*, Symbol*, Symbol*, JavaThread*)+0x1d2
V  [libjvm.so+0x9e92be]  thread_entry(JavaThread*, JavaThread*)+0x8e
V  [libjvm.so+0x928c08]  JavaThread::thread_main_inner()+0x1d8
V  [libjvm.so+0xf78778]  Thread::call_run()+0xa8
V  [libjvm.so+0xd042ba]  thread_native_entry(Thread*)+0xda
C  [libc.so.6+0x9caa4]

siginfo: si_signo: 11 (SIGSEGV), si_code: 2 (SEGV_ACCERR), si_addr: 0x00000000d7d80000

Registers:
RAX=0x0000000000000e0e, RBX=0x00000000dac2fc01, RCX=0x00000000000013ef, RDX=0x0000000065726f66
RSP=0x00007efb817f54b0, RBP=0x0000000000053ffc, RSI=0x00000000edbc51c2, RDI=0x00000000c50f73e8
R8 =0x00000000c58fb758, R9 =0x0000000065726f60, R10=0x000000007dd7bc01, R11=0x0000000009644600
R12=0x0000000000000000, R13=0x00000000d771eda0, R14=0x00007efb817f5670, R15=0x00007efb38982bb0
RIP=0x00007efbdcfd8c6a, EFLAGS=0x0000000000010a83, CSGSFS=0x002b000000000033, ERR=0x0000000000000004
  TRAPNO=0x000000000000000e

XMM[0]=0x7dd7bc017dd7bc01 0x7dd7bc017dd7bc01
XMM[1]=0x294fe48100acab9f 0x14e8c84188303fdf
XMM[2]=0x0c98f5818685ba9f 0x4a319941fc018edf
XMM[3]=0xee830681e1ddc99f 0x59db6a41e191dddf
XMM[4]=0x000e178101b4d89f 0x34e63b4167e12cdf
XMM[5]=0x5752b813961a616e 0x4f144a6fbc634634
XMM[6]=0xd1c751e536af8c66 0x5e333aa83474a0d2
XMM[7]=0xb1e4883abdc8f26b 0x2a9af31e077f80a7
XMM[8]=0x19d079cbc0855051 0xc69cd05404e9f297
XMM[9]=0x0000000000000000 0x0000000000000000
XMM[10]=0x0000000000000000 0x0000000000000000
XMM[11]=0x0000000000000000 0x0000000000000000
XMM[12]=0x0000000000000000 0x0000000000000000
XMM[13]=0x0000000000000000 0x000000000000001f
XMM[14]=0x0000000000000000 0x000000003ddc692f
XMM[15]=0x0000000000000000 0x00000000eb120380
  MXCSR=0x00001fa0


Register to memory mapping:

RAX=0x0000000000000e0e is an unknown value
RBX=0x00000000dac2fc01 is an unallocated location in the heap
RCX=0x00000000000013ef is an unknown value
RDX=0x0000000065726f66 is an unknown value
RSP=0x00007efb817f54b0 is pointing into the stack for thread: 0x00007efb38982bb0
RBP=0x0000000000053ffc is an unknown value
RSI=0x00000000edbc51c2 is an unallocated location in the heap
RDI=0x00000000c50f73e8 is pointing into object: [B 
{0x00000000c50f7360} - klass: {type array byte}
 - length: 14425
R8 =0x00000000c58fb758 is an oop: [[C 
{0x00000000c58fb758} - klass: {type array char}[]
 - length: 6
R9 =0x0000000065726f60 is an unknown value
R10=0x000000007dd7bc01 is an unknown value
R11=0x0000000009644600 is an unknown value
R12=0x0 is null
R13=0x00000000d771eda0 is an oop: [[C 
{0x00000000d771eda0} - klass: {type array char}[]
 - length: 344060
R14=0x00007efb817f5670 is pointing into the stack for thread: 0x00007efb38982bb0
R15=0x00007efb38982bb0 is a thread

Top of Stack: (sp=0x00007efb817f54b0)
0x00007efb817f54b0:   00000000d54efa78 c58fb4b065726f66
0x00007efb817f54c0:   0000001f00000012 00000000c58fb4b0
0x00007efb817f54d0:   00000000c58fb540 c58fb75800000006
0x00007efb817f54e0:   00000000c58fb758 00000003000013ef
0x00007efb817f54f0:   00000000c50f73d8 c58fb54000000008
0x00007efb817f5500:   00000000c50f73d8 00000000d54efad0
0x00007efb817f5510:   00000000c50f73e8 00000000d6648500
0x00007efb817f5520:   000000000000d7fd 00000000d54f9c58
0x00007efb817f5530:   00000000cb8c0890 0000000000000000
0x00007efb817f5540:   deaddeaf0000001f 0000000000000000
0x00007efb817f5550:   00007efb817f55c8 00007efbdc53ee80
0x00007efb817f5560:   00007efbdc53ee80 00000000000013ef
0x00007efb817f5570:   00000000c58fb490 00000000d54efa78
0x00007efb817f5580:   00007efb817f5580 00007efb856331d2
0x00007efb817f5590:   0000000000000015 00007efb85638000
0x00007efb817f55a0:   0000000000000000 00000000c1605f70
0x00007efb817f55b0:   00007efb856334d0 00007efb817f5568
0x00007efb817f55c0:   00007efb817f5668 00007efb817f56c8
0x00007efb817f55d0:   00007efbdc53eff2 0000000000000000
0x00007efb817f55e0:   000000000000effd 0000000000009198
0x00007efb817f55f0:   00000000d54ffa78 00000000d5437488
0x00007efb817f5600:   00000000d54efb28 0000000000000000
0x00007efb817f5610:   0000000000000000 00000000ffffffff
0x00007efb817f5620:   00000000d54efb08 00000000d54efa78
0x00007efb817f5630:   00000000d54efaf0 00000000c15b92f0
0x00007efb817f5640:   0000000000000000 00000000d5325680
0x00007efb817f5650:   00000000d5325670 0000000000000000
0x00007efb817f5660:   0000000000000000 00000000c15d56a8
0x00007efb817f5670:   00000000c15d4e40 00000000c15d4db0
0x00007efb817f5680:   00007efb817f5680 00007efb8562ae98
0x00007efb817f5690:   0000000000000003 00007efb8562b510
0x00007efb817f56a0:   0000000000000000 00000000c1606aa8 

Instructions: (pc=0x00007efbdcfd8c6a)
0x00007efbdcfd8b6a:   45 89 59 0c 4d 8b c8 4d 8d 44 18 10 41 89 08 49
0x00007efbdcfd8b7a:   c1 e8 09 49 b9 00 90 c2 e7 fb 7e 00 00 47 88 24
0x00007efbdcfd8b8a:   01 45 3b da 0f 8f f8 0e 00 00 8b 4c 24 38 44 8b
0x00007efbdcfd8b9a:   5c 24 2c 44 8b 54 24 28 4c 8b 44 24 30 8b 5c 24
0x00007efbdcfd8baa:   3c ff c3 41 3b da 0f 8d 44 f4 ff ff 89 4c 24 38
0x00007efbdcfd8bba:   45 8b 4c 9b 10 90 45 85 c9 0f 84 6a fc ff ff 44
0x00007efbdcfd8bca:   89 4c 24 40 89 5c 24 3c 4c 89 44 24 30 44 89 54
0x00007efbdcfd8bda:   24 28 44 89 5c 24 2c 4c 8b 54 24 58 45 8b 6a 14
0x00007efbdcfd8bea:   41 8b 6d 0c 45 8b 59 0c 44 89 5c 24 08 4d 8b d1
0x00007efbdcfd8bfa:   4c 89 54 24 50 4d 8d 51 10 4c 89 54 24 60 44 8b
0x00007efbdcfd8c0a:   54 24 08 41 83 fa 02 0f 8c 4e 0e 00 00 bb 01 00
0x00007efbdcfd8c1a:   00 00 48 8b 7c 24 60 8b 54 24 08 83 fa 20 0f 8c
0x00007efbdcfd8c2a:   75 01 00 00 45 33 db c5 d5 ef ed c5 cd ef f6 c5
0x00007efbdcfd8c3a:   c5 ef ff c4 41 3d ef c0 49 b9 80 1a be ec fb 7e
0x00007efbdcfd8c4a:   00 00 45 8b 11 c4 c1 79 6e c2 c4 e2 7d 58 c0 44
0x00007efbdcfd8c5a:   8b ca 41 83 e1 e0 41 0f af da c4 21 7a 6f 0c 5f
0x00007efbdcfd8c6a:   c4 21 7a 6f 54 5f 10 c4 21 7a 6f 5c 5f 20 c4 21
0x00007efbdcfd8c7a:   7a 6f 64 5f 30 c4 e2 55 40 e8 c4 42 7d 33 c9 c4
0x00007efbdcfd8c8a:   c1 55 fe e9 c4 e2 4d 40 f0 c4 42 7d 33 d2 c4 c1
0x00007efbdcfd8c9a:   4d fe f2 c4 e2 45 40 f8 c4 42 7d 33 db c4 c1 45
0x00007efbdcfd8caa:   fe fb c4 62 3d 40 c0 c4 42 7d 33 e4 c4 41 3d fe
0x00007efbdcfd8cba:   c4 41 83 c3 20 45 3b d9 7c 9c 4a 8d 3c 4f 41 2b
0x00007efbdcfd8cca:   d1 49 b9 84 1a be ec fb 7e 00 00 c4 c1 7e 6f 09
0x00007efbdcfd8cda:   c4 e2 55 40 e9 49 b9 a4 1a be ec fb 7e 00 00 c4
0x00007efbdcfd8cea:   c1 7e 6f 11 c4 e2 4d 40 f2 49 b9 c4 1a be ec fb
0x00007efbdcfd8cfa:   7e 00 00 c4 c1 7e 6f 19 c4 e2 45 40 fb 49 b9 e4
0x00007efbdcfd8d0a:   1a be ec fb 7e 00 00 c4 c1 7e 6f 21 c4 62 3d 40
0x00007efbdcfd8d1a:   c4 c4 62 55 02 cd c4 43 7d 39 ca 01 c4 41 31 fe
0x00007efbdcfd8d2a:   ca c4 42 31 02 c9 c5 79 6e d3 c4 41 31 fe ca c5
0x00007efbdcfd8d3a:   79 7e cb c4 62 4d 02 de c4 43 7d 39 dc 01 c4 41
0x00007efbdcfd8d4a:   21 fe dc c4 42 21 02 db c5 79 6e e3 c4 41 21 fe
0x00007efbdcfd8d5a:   dc c5 79 7e db c4 62 45 02 cf c4 43 7d 39 ca 01 


Stack slot to memory mapping:

stack at sp + 0 slots: 0x00000000d54efa78 is an oop: org.eclipse.jdt.internal.core.index.DiskIndex 
{0x00000000d54efa78} - klass: 'org/eclipse/jdt/internal/core/index/DiskIndex'
 - ---- fields (total size 11 words):
 - private 'headerInfoOffset' 'I' @12  21 (0x00000015)
 - private 'numberOfChunks' 'I' @16  278 (0x00000116)
 - private 'sizeOfLastChunk' 'I' @20  95 (0x0000005f)
 - private 'documentReferenceSize' 'I' @24  2 (0x00000002)
 - private 'startOfCategoryTables' 'I' @28  367685 (0x00059c45)
 - private 'cacheUserCount' 'I' @32  -1 (0xffffffff)
 - private 'bufferIndex' 'I' @36  448 (0x000001c0)
 - private 'bufferEnd' 'I' @40  0 (0x00000000)
 - private 'streamEnd' 'I' @44  367684 (0x00059c44)
 - 'separator' 'C' @48  | 124 (0x007c)
 - 'indexLocation' 'Lorg/eclipse/jdt/internal/core/index/IndexLocation;' @52  a 'org/eclipse/jdt/internal/core/index/FileIndexLocation'{0x00000000d54f3d50} (0xd54f3d50)
 - private 'chunkOffsets' '[I' @56  [I{0x00000000d54f5da8} (0xd54f5da8)
 - private 'categoryOffsets' 'Lorg/eclipse/jdt/internal/compiler/util/HashtableOfIntValues;' @60  a 'org/eclipse/jdt/internal/compiler/util/HashtableOfIntValues'{0x00000000d54f3ce8} (0xd54f3ce8)
 - private 'categoryEnds' 'Lorg/eclipse/jdt/internal/compiler/util/HashtableOfIntValues;' @64  a 'org/eclipse/jdt/internal/compiler/util/HashtableOfIntValues'{0x00000000d54f5cf8} (0xd54f5cf8)
 - private 'cachedChunks' '[[Ljava/lang/String;' @68  null (0x00000000)
 - private 'categoryTables' 'Lorg/eclipse/jdt/internal/compiler/util/HashtableOfObject;' @72  a 'org/eclipse/jdt/internal/compiler/util/HashtableOfObject'{0x00000000d54f5c48} (0xd54f5c48)
 - private 'cachedCategoryName' '[C' @76  null (0x00000000)
 - private 'streamBuffer' '[B' @80  [B{0x00000000d54f7a78} (0xd54f7a78)
stack at sp + 1 slots: 0xc58fb4b065726f66 is an unknown value
stack at sp + 2 slots: 0x0000001f00000012 is an unknown value
stack at sp + 3 slots: 0x00000000c58fb4b0 is an oop: [[C 
{0x00000000c58fb4b0} - klass: {type array char}[]
 - length: 31
stack at sp + 4 slots: 0x00000000c58fb540 is an oop: [Ljava.lang.Object; 
{0x00000000c58fb540} - klass: 'java/lang/Object'[]
 - length: 31
stack at sp + 5 slots: 0xc58fb75800000006 is an unknown value
stack at sp + 6 slots: 0x00000000c58fb758 is an oop: [[C 
{0x00000000c58fb758} - klass: {type array char}[]
 - length: 6
stack at sp + 7 slots: 0x00000003000013ef is an unknown value


Compiled method (c2) 5565 7849       4       org.eclipse.jdt.internal.core.index.DiskIndex::copyQueryResults (221 bytes)
 total in heap  [0x00007efbdcfd7b90,0x00007efbdcfdbbe8] = 16472
 relocation     [0x00007efbdcfd7ce8,0x00007efbdcfd7f60] = 632
 constants      [0x00007efbdcfd7f60,0x00007efbdcfd7f80] = 32
 main code      [0x00007efbdcfd7f80,0x00007efbdcfda9d8] = 10840
 stub code      [0x00007efbdcfda9d8,0x00007efbdcfdaa10] = 56
 oops           [0x00007efbdcfdaa10,0x00007efbdcfdaa20] = 16
 metadata       [0x00007efbdcfdaa20,0x00007efbdcfdaaa8] = 136
 scopes data    [0x00007efbdcfdaaa8,0x00007efbdcfdb5b0] = 2824
 scopes pcs     [0x00007efbdcfdb5b0,0x00007efbdcfdba50] = 1184
 dependencies   [0x00007efbdcfdba50,0x00007efbdcfdba70] = 32
 handler table  [0x00007efbdcfdba70,0x00007efbdcfdbb60] = 240
 nul chk table  [0x00007efbdcfdbb60,0x00007efbdcfdbbe8] = 136


[Constant Pool]
             Address          hex4                    hex8      
  0x00007efbdcfd7f60:   0x3fe00000      0xf4f4f4f43fe00000      
  0x00007efbdcfd7f64:   0xf4f4f4f4                              
  0x00007efbdcfd7f68:   0xf4f4f4f4      0xf4f4f4f4f4f4f4f4      
  0x00007efbdcfd7f6c:   0xf4f4f4f4                              
  0x00007efbdcfd7f70:   0xf4f4f4f4      0xf4f4f4f4f4f4f4f4      
  0x00007efbdcfd7f74:   0xf4f4f4f4                              
  0x00007efbdcfd7f78:   0xf4f4f4f4      0xf4f4f4f4f4f4f4f4      
  0x00007efbdcfd7f7c:   0xf4f4f4f4                              

[MachCode]
[Entry Point]
  # {method} {0x00007efb8562ff20} 'copyQueryResults' '(Lorg/eclipse/jdt/internal/compiler/util/HashtableOfObject;I)V' in 'org/eclipse/jdt/internal/core/index/DiskIndex'
  # this:     rsi:rsi   = 'org/eclipse/jdt/internal/core/index/DiskIndex'
  # parm0:    rdx:rdx   = 'org/eclipse/jdt/internal/compiler/util/HashtableOfObject'
  # parm1:    rcx       = int
  #           [sp+0xb0]  (sp of caller)
  0x00007efbdcfd7f80: ;   {no_reloc}
  0x00007efbdcfd7f80: 448b 5608 | 49bb 0000 | 008d fb7e | 0000 4d03 | d349 3bc2 

  0x00007efbdcfd7f94: ;   {runtime_call ic_miss_stub}
  0x00007efbdcfd7f94: 0f85 e6cd | 5aff 6690 | 0f1f 4000 
[Verified Entry Point]
  0x00007efbdcfd7fa0: 8984 2400 | c0fe ff55 | 4881 eca0 | 0000 0090 | 4181 7f20 | 0300 0000 | 0f85 0d2a | 0000 894c 
  0x00007efbdcfd7fc0: 2438 4889 | 3424 448b | 4214 458b | 500c 4585 | d20f 8635 | 1a00 0044 | 8b5a 1845 | 8bca 41ff 
  0x00007efbdcfd7fe0: c945 3bca | 0f83 3625 | 0000 498b | f849 8bf3 | 33db eb36 | 8b4c 2438 | eb1d 448b | 4424 0c44 
  0x00007efbdcfd8000: 8b54 2414 | 448b 5c24 | 4c48 8b7c | 2418 488b | 7424 208b | 5c24 10ff | c341 3bda | 0f1f 4000 
  0x00007efbdcfd8020: 0f8d e619 | 0000 894c | 2438 458b | 4c98 1045 | 85c9 74c0 

  0x00007efbdcfd8034: ; implicit exception: dispatches to 0x00007efbdcfda818
  0x00007efbdcfd8034: 418b 4b0c | 3bd9 660f | 1f44 0000 | 0f83 f21f | 0000 418b | 4c9b 108b 

  0x00007efbdcfd804c: ;   {metadata('org/eclipse/jdt/internal/core/util/SimpleWordSet')}
  0x00007efbdcfd804c: 5108 81fa | 10a3 3801 | 0f85 a226 | 0000 488b | 0424 8b50 | 488b 6a14 

  0x00007efbdcfd8064: ; implicit exception: dispatches to 0x00007efbdcfda87c
  0x00007efbdcfd8064: 448b 6d0c | c441 796e | ed44 8bed | 8954 242c | 4489 4c24 | 2889 5c24 | 1048 8974 | 2420 4889 
  0x00007efbdcfd8084: 7c24 1844 | 895c 244c | 4489 5424 | 1444 8944 | 240c 418b | 510c 4c8b | d14c 8954 | 2430 4d8b 
  0x00007efbdcfd80a4: d14c 8954 | 2440 498d | 7910 83fa | 020f 8c19 | 1a00 00bb | 0100 0000 | 83fa 200f | 8c75 0100 
  0x00007efbdcfd80c4: 0045 33d2 | c5d5 efed | c5cd eff6 | c5c5 efff | c441 3def 

  0x00007efbdcfd80d8: ;   {external_word}
  0x00007efbdcfd80d8: c049 b980 | 1abe ecfb | 7e00 0045 | 8b19 c4c1 | 796e c3c4 | e27d 58c0 | 448b ca41 | 83e1 e041 
  0x00007efbdcfd80f8: 0faf dbc4 | 217a 6f0c | 57c4 217a | 6f54 5710 | c421 7a6f | 5c57 20c4 | 217a 6f64 | 5730 c4e2 
  0x00007efbdcfd8118: 5540 e8c4 | 427d 33c9 | c4c1 55fe | e9c4 e24d | 40f0 c442 | 7d33 d2c4 | c14d fef2 | c4e2 4540 
  0x00007efbdcfd8138: f8c4 427d | 33db c4c1 | 45fe fbc4 | 623d 40c0 | c442 7d33 | e4c4 413d | fec4 4183 | c220 453b 
  0x00007efbdcfd8158: d17c 9c4a | 8d3c 4f41 

  0x00007efbdcfd8160: ;   {external_word}
  0x00007efbdcfd8160: 2bd1 49b9 | 841a beec | fb7e 0000 | c4c1 7e6f | 09c4 e255 

  0x00007efbdcfd8174: ;   {external_word}
  0x00007efbdcfd8174: 40e9 49b9 | a41a beec | fb7e 0000 | c4c1 7e6f | 11c4 e24d 

  0x00007efbdcfd8188: ;   {external_word}
  0x00007efbdcfd8188: 40f2 49b9 | c41a beec | fb7e 0000 | c4c1 7e6f | 19c4 e245 

  0x00007efbdcfd819c: ;   {external_word}
  0x00007efbdcfd819c: 40fb 49b9 | e41a beec | fb7e 0000 | c4c1 7e6f | 21c4 623d | 40c4 c462 | 5502 cdc4 | 437d 39ca 
  0x00007efbdcfd81bc: 01c4 4131 | feca c442 | 3102 c9c5 | 796e d3c4 | 4131 feca | c579 7ecb | c462 4d02 | dec4 437d 
  0x00007efbdcfd81dc: 39dc 01c4 | 4121 fedc | c442 2102 | dbc5 796e | e3c4 4121 | fedc c579 | 7edb c462 | 4502 cfc4 
  0x00007efbdcfd81fc: 437d 39ca | 01c4 4131 | feca c442 | 3102 c9c5 | 796e d3c4 | 4131 feca | c579 7ecb | c442 3d02 
  0x00007efbdcfd821c: d8c4 437d | 39dc 01c4 | 4121 fedc | c442 2102 | dbc5 796e | e3c4 4121 | fedc c579 | 7edb 41ba 
  0x00007efbdcfd823c: 0100 0000 | 443b d20f | 8d2e 0000 | 0041 bbc1 | 0300 0041 | 0faf db46 | 0fb7 4c57 | fe45 8bd9 
  0x00007efbdcfd825c: 41c1 e305 | 452b d941 | 03db 460f | b71c 5741 | 03db 4183 | c202 443b | d27c d27f | 1244 8bcb 
  0x00007efbdcfd827c: c1e3 0541 | 2bd9 460f | b75c 57fe | 4103 db8b | c325 ffff | ff7f c441 | 797e ea45 | 85d2 660f 
  0x00007efbdcfd829c: ;   {no_reloc}
  0x00007efbdcfd829c: 1f44 0000 | 0f86 c61d | 0000 458b | ca3d 0000 | 0080 7508 | 33d2 4183 | faff 7404 | 9941 f7fa 
  0x00007efbdcfd82bc: 448b 5c24 | 2c4d 8bd3 | 4c89 5424 | 5041 3bd1 | 0f83 021d | 0000 458b | 5c95 104d | 8b97 5004 
  0x00007efbdcfd82dc: ; ImmutableOopMap {r11=NarrowOop r13=NarrowOop [0]=Oop [12]=NarrowOop [24]=Oop [32]=Oop [40]=NarrowOop [44]=NarrowOop [48]=Oop [64]=Oop [76]=NarrowOop [80]=Oop }
                      ;*ifnonnull {reexecute=1 rethrow=0 return_oop=0}
                      ; - (reexecute) org.eclipse.jdt.internal.compiler.util.HashtableOfObject::get@51 (line 86)
                      ; - org.eclipse.jdt.internal.core.index.DiskIndex::copyQueryResults@48 (line 382)
                      ;   {poll}
  0x00007efbdcfd82dc: 0000 4185 | 0245 85db | 0f84 5002 | 0000 498b | fb48 8b74 | 2440 483b | fe0f 84b7 | 0000 0048 
  0x00007efbdcfd82fc: 85ff 0f84 | b500 0000 | 4885 f60f | 84ac 0000 | 008b 4f0c | 3b4e 0c0f | 85a0 0000 | 0085 c90f 
  0x00007efbdcfd831c: 8491 0000 | 0048 8d7f | 1048 8d76 | 10d1 e18b | c183 e01f | 83e1 e00f | 844b 0000 | 0048 8d3c 
  0x00007efbdcfd833c: 0f48 8d34 | 0e48 f7d9 | c5fe 6f04 | 0fc5 fe6f | 0c0e c5fd | efc1 c4e2 | 7d17 c00f | 855c 0000 
  0x00007efbdcfd835c: 0048 83c1 | 2075 e185 | c00f 8447 | 0000 00c5 | fe6f 4407 | e0c5 fe6f | 4c06 e0c5 | fdef c1c4 
  0x00007efbdcfd837c: e27d 17c0 | 7537 eb2e | 8bc8 83e1 | fc74 1948 | 8d3c 0f48 | 8d34 0e48 | f7d9 8b1c | 0f3b 1c0e 
  0x00007efbdcfd839c: 751b 4883 | c104 75f2 | a802 740a | 0fb7 1f0f | b70e 3bd9 | 7507 b801 | 0000 00eb | 0233 c0c5 
  0x00007efbdcfd83bc: fdef c0c5 | f5ef c985 | c00f 852f | 0100 0044 | 8bd2 41ff | c241 8bd2 | 453b d10f | 8412 0100 
  0x00007efbdcfd83dc: ;   {no_reloc}
  0x00007efbdcfd83dc: 0066 6690 | 413b d10f | 836b 1d00 | 0045 8b54 | 9510 4d8b | 9f50 0400 

  0x00007efbdcfd83f4: ; ImmutableOopMap {r10=NarrowOop r13=NarrowOop [0]=Oop [12]=NarrowOop [24]=Oop [32]=Oop [40]=NarrowOop [44]=NarrowOop [48]=Oop [64]=Oop [76]=NarrowOop [80]=Oop }
                      ;*ifnonnull {reexecute=1 rethrow=0 return_oop=0}
                      ; - (reexecute) org.eclipse.jdt.internal.compiler.util.HashtableOfObject::get@51 (line 86)
                      ; - org.eclipse.jdt.internal.core.index.DiskIndex::copyQueryResults@48 (line 382)
                      ;   {poll}
  0x00007efbdcfd83f4: 0041 8503 | 4585 d20f | 1f44 0000 | 0f84 3401 | 0000 498b | fa48 8b74 | 2440 483b | fe0f 84b7 
  0x00007efbdcfd8414: 0000 0048 | 85ff 0f84 | b500 0000 | 4885 f60f | 84ac 0000 | 008b 4f0c | 3b4e 0c0f | 85a0 0000 
  0x00007efbdcfd8434: 0085 c90f | 8491 0000 | 0048 8d7f | 1048 8d76 | 10d1 e18b | c183 e01f | 83e1 e00f | 844b 0000 
  0x00007efbdcfd8454: 0048 8d3c | 0f48 8d34 | 0e48 f7d9 | c5fe 6f0c | 0fc5 fe6f | 040e c5f5 | efc8 c4e2 | 7d17 c90f 
  0x00007efbdcfd8474: 855c 0000 | 0048 83c1 | 2075 e185 | c00f 8447 | 0000 00c5 | fe6f 4c07 | e0c5 fe6f | 4406 e0c5 
  0x00007efbdcfd8494: f5ef c8c4 | e27d 17c9 | 7537 eb2e | 8bc8 83e1 | fc74 1948 | 8d3c 0f48 | 8d34 0e48 | f7d9 8b1c 
  0x00007efbdcfd84b4: 0f3b 1c0e | 751b 4883 | c104 75f2 | a802 740a | 0fb7 1f0f | b70e 3bd9 | 7507 b801 | 0000 00eb 
  0x00007efbdcfd84d4: 0233 c0c5 | f5ef c9c5 | fdef c090 | 85c0 7516 | ffc2 413b | d10f 85f1 | feff ff45 | 33d2 418b 
  0x00007efbdcfd84f4: ;   {no_reloc}
  0x00007efbdcfd84f4: d2e9 cffd | ffff 448b | 5c24 2c41 | 8b6b 1844 | 8b5d 0c41 | 3bd3 0f83 | b81b 0000 | 8b6c 9510 
  0x00007efbdcfd8514: 85ed 7422 | 448b 5508 | 0f1f 4000 

  0x00007efbdcfd8520: ;   {metadata('org/eclipse/jdt/internal/compiler/util/HashtableOfObject')}
  0x00007efbdcfd8520: 4181 fa18 | 672d 010f | 856f 2200 | 004c 8bd5 | 4c89 5424 | 58e9 ca02 | 0000 498b | 87b8 0100 
  0x00007efbdcfd8540: 004c 8bd0 | 4983 c220 | 4d3b 97c8 | 0100 000f | 83c3 1600 | 004d 8997 | b801 0000 | 410f 0d8a 
  0x00007efbdcfd8560: c000 0000 | 48c7 0001 

  0x00007efbdcfd8568: ;   {metadata('org/eclipse/jdt/internal/compiler/util/HashtableOfObject')}
  0x00007efbdcfd8568: 0000 00c7 | 4008 1867 | 2d01 4489 | 600c 4c89 | 6010 4c89 | 6018 4c8b | 4424 3041 | 8b68 0c85 
  0x00007efbdcfd8588: ed0f 8c1d | 1f00 00c5 

  0x00007efbdcfd8590: ;   {section_word}
  0x00007efbdcfd8590: f22a cdc5 | f259 05c5 | f9ff ffc5 | 7a2c d841 | 81fb 0000 | 0080 0f84 | 0a24 0000 | 413b eb0f 
  0x00007efbdcfd85b0: 84c1 1500 | 0089 6810 | 4889 4424 | 5845 8bd3 | 41ff ca41 | 81fa fdff | ff7f 0f83 | 081f 0000 
  0x00007efbdcfd85d0: 4181 fb00 | 0004 000f | 874f 1e00 | 004d 63d3 | 4181 fb00 | 0004 000f | 874c 1600 | 0041 8beb 
  0x00007efbdcfd85f0: 4d8b 87b8 | 0100 004a | 8d0c 9517 | 0000 004c | 8bd1 4983 | e2f8 4d8b | d84d 03da | 4d3b 9fc8 
  0x00007efbdcfd8610: 0100 000f | 8323 1600 | 004d 899f | b801 0000 | 410f 0d8b | c000 0000 | 49c7 0001 | 0000 0041 
  0x00007efbdcfd8630: 0f0d 8b00 

  0x00007efbdcfd8634: ;   {metadata({type array char}[])}
  0x00007efbdcfd8634: 0100 0041 | c740 0868 | 140d 0141 | 8968 0c41 | 0f0d 8b40 | 0100 0049 | 8bf8 4883 | c710 410f 
  0x00007efbdcfd8654: 0d8b 8001 | 0000 48c1 | e903 4883 | c1fe 4833 | c048 83f9 | 087f 1048 | ffc9 784f | 4889 04cf 
  0x00007efbdcfd8674: 48ff c97d | f7eb 44c5 | fdef c0e9 | 0d00 0000 | c5fe 7f07 | c5fe 7f47 | 2048 83c7 | 4048 83e9 
  0x00007efbdcfd8694: 087d ed48 | 83c1 047c | 0cc5 fe7f | 0748 83c7 | 2048 83e9 | 0448 83c1 | 047e 1048 | ffc9 c5f9 
  0x00007efbdcfd86b4: d607 4883 | c708 48ff | c97d f34c | 8b5c 2458 | 4d8b d345 | 8943 1449 | c1ea 0949 | b800 90c2 
  0x00007efbdcfd86d4: e7fb 7e00 | 0047 8824 | 1066 6690 | 81fd 0000 | 0400 0f87 | 7915 0000 | 4d8b 8fb8 | 0100 0044 
  0x00007efbdcfd86f4: 8bd5 4c63 | dd4a 8d0c | 9d17 0000 | 004c 8bd9 | 4983 e3f8 | 4d8b c14d | 03c3 4d3b | 87c8 0100 
  0x00007efbdcfd8714: 000f 834d | 1500 004d | 8987 b801 | 0000 410f | 0d88 c000 | 0000 49c7 | 0101 0000 | 0041 0f0d 
  0x00007efbdcfd8734: ;   {no_reloc}
  0x00007efbdcfd8734: 8800 0100 

  0x00007efbdcfd8738: ;   {metadata('java/lang/Object'[])}
  0x00007efbdcfd8738: 0041 c741 | 0840 1200 | 0041 8969 | 0c41 0f0d | 8840 0100 | 0049 8bf9 | 4883 c710 | 410f 0d88 
  0x00007efbdcfd8758: 8001 0000 | 48c1 e903 | 4883 c1fe | 4833 c048 | 83f9 087f | 1048 ffc9 | 784f 4889 | 04cf 48ff 
  0x00007efbdcfd8778: c97d f7eb | 44c5 fdef | c0e9 0d00 | 0000 c5fe | 7f07 c5fe | 7f47 2048 | 83c7 4048 | 83e9 087d 
  0x00007efbdcfd8798: ed48 83c1 | 047c 0cc5 | fe7f 0748 | 83c7 2048 | 83e9 0448 | 83c1 047e | 1048 ffc9 | c5f9 d607 
  0x00007efbdcfd87b8: 4883 c708 | 48ff c97d | f34c 8b5c | 2458 4d8b | d34d 8bc1 | 4589 4318 | 49c1 ea09 | 49bb 0090 
  0x00007efbdcfd87d8: c2e7 fb7e | 0000 4788 | 2413 488b | 7424 5048 | 8b54 2440 | 488b 4c24 | 5866 6690 

  0x00007efbdcfd87f4: ;   {optimized virtual_call}
  0x00007efbdcfd87f4: c5f8 77e8 

  0x00007efbdcfd87f8: ; ImmutableOopMap {[0]=Oop [12]=NarrowOop [24]=Oop [32]=Oop [48]=Oop [76]=NarrowOop [88]=Oop }
                      ;*invokevirtual put {reexecute=0 rethrow=0 return_oop=1}
                      ; - org.eclipse.jdt.internal.core.index.DiskIndex::copyQueryResults@82 (line 384)
  0x00007efbdcfd87f8: 84c8 5aff 

  0x00007efbdcfd87fc: ;   {other}
  0x00007efbdcfd87fc: 0f1f 8400 | 6c0c 0002 | 4c8b 5424 | 3045 8b5a | 1445 8b53 | 0c45 85d2 | 0f86 2412 | 0000 458b 
  0x00007efbdcfd881c: ca41 ffc9 | 453b ca0f | 835b 1800 | 004d 8bc3 | 33db e987 | 0300 008b | 4c24 38e9 | 6f03 0000 
  0x00007efbdcfd883c: 4d8b 8fb8 | 0100 004d | 8bd1 4983 | c218 4d3b | 97c8 0100 | 000f 83e2 | 1200 004d | 8997 b801 
  0x00007efbdcfd885c: 0000 410f | 0d8a c000 | 0000 49c7 | 0101 0000 | 0041 0f0d | 8a00 0100 

  0x00007efbdcfd8874: ;   {metadata({type array int})}
  0x00007efbdcfd8874: 0041 c741 | 0838 2600 | 0041 0f0d | 8a40 0100 | 0041 c741 | 0c01 0000 | 0041 0f0d | 8a80 0100 
  0x00007efbdcfd8894: 0045 8961 | 1444 8b5c | 2438 4589 | 5910 448b | 5424 0841 | 83fa 020f | 8cf8 1100 | 00bb 0100 
  0x00007efbdcfd88b4: 0000 488b | 7c24 608b | 5424 0883 | fa20 0f8c | 6e01 0000 | 4533 d2c5 | d5ef edc5 | cdef f6c5 
  0x00007efbdcfd88d4: c5ef ffc4 | 413d efc0 

  0x00007efbdcfd88dc: ;   {external_word}
  0x00007efbdcfd88dc: 48be 801a | beec fb7e | 0000 448b | 1ec4 c179 | 6ec3 c4e2 | 7d58 c08b | f283 e6e0 | 410f afdb 
  0x00007efbdcfd88fc: c421 7a6f | 0c57 c421 | 7a6f 5457 | 10c4 217a | 6f5c 5720 | c421 7a6f | 6457 30c4 | e255 40e8 
  0x00007efbdcfd891c: c442 7d33 | c9c4 c155 | fee9 c4e2 | 4d40 f0c4 | 427d 33d2 | c4c1 4dfe | f2c4 e245 | 40f8 c442 
  0x00007efbdcfd893c: 7d33 dbc4 | c145 fefb | c462 3d40 | c0c4 427d | 33e4 c441 | 3dfe c441 | 83c2 2044 | 3bd6 7c9c 
  0x00007efbdcfd895c: 488d 3c77 

  0x00007efbdcfd8960: ;   {external_word}
  0x00007efbdcfd8960: 2bd6 48be | 841a beec | fb7e 0000 | c5fe 6f0e | c4e2 5540 

  0x00007efbdcfd8974: ;   {external_word}
  0x00007efbdcfd8974: e948 bea4 | 1abe ecfb | 7e00 00c5 | fe6f 16c4 | e24d 40f2 

  0x00007efbdcfd8988: ;   {external_word}
  0x00007efbdcfd8988: 48be c41a | beec fb7e | 0000 c5fe | 6f1e c4e2 

  0x00007efbdcfd8998: ;   {external_word}
  0x00007efbdcfd8998: 4540 fb48 | bee4 1abe | ecfb 7e00 | 00c5 fe6f | 26c4 623d | 40c4 c462 | 5502 cdc4 | 437d 39ca 
  0x00007efbdcfd89b8: 01c4 4131 | feca c442 | 3102 c9c5 | 796e d3c4 | 4131 feca | c579 7ecb | c462 4d02 | dec4 437d 
  0x00007efbdcfd89d8: 39dc 01c4 | 4121 fedc | c442 2102 | dbc5 796e | e3c4 4121 | fedc c579 | 7edb c462 | 4502 cfc4 
  0x00007efbdcfd89f8: 437d 39ca | 01c4 4131 | feca c442 | 3102 c9c5 | 796e d3c4 | 4131 feca | c579 7ecb | c442 3d02 
  0x00007efbdcfd8a18: d8c4 437d | 39dc 01c4 | 4121 fedc | c442 2102 | dbc5 796e | e3c4 4121 | fedc c579 | 7edb 41ba 
  0x00007efbdcfd8a38: 0100 0000 | 443b d20f | 8d2e 0000 | 0041 bbc1 | 0300 0041 | 0faf db42 | 0fb7 7457 | fe44 8bde 
  0x00007efbdcfd8a58: 41c1 e305 | 442b de41 | 03db 460f | b71c 5741 | 03db 4183 | c202 443b | d27c d27f | 108b f3c1 
  0x00007efbdcfd8a78: e305 2bde | 460f b75c | 57fe 4103 | db8b c325 | ffff ff7f | 3d00 0000 | 8075 0733 | d283 fdff 
  0x00007efbdcfd8a98: ;   {no_reloc}
  0x00007efbdcfd8a98: 7403 99f7 | fd66 6690 | 3bd5 0f83 | d012 0000 | 458b 5495 | 104d 8b9f 

  0x00007efbdcfd8ab0: ; ImmutableOopMap {r10=NarrowOop r8=NarrowOop r9=Oop r13=NarrowOop [0]=Oop [12]=NarrowOop [24]=Oop [32]=Oop [44]=NarrowOop [48]=Oop [64]=NarrowOop [76]=NarrowOop [80]=Oop [88]=Oop }
                      ;*ifnonnull {reexecute=1 rethrow=0 return_oop=0}
                      ; - (reexecute) org.eclipse.jdt.internal.compiler.util.HashtableOfObject::putUnsafely@36 (line 131)
                      ; - org.eclipse.jdt.internal.core.index.DiskIndex::copyQueryResults@144 (line 391)
  0x00007efbdcfd8ab0: 5004 0000 

  0x00007efbdcfd8ab4: ;   {poll}
  0x00007efbdcfd8ab4: 4185 0345 | 85d2 660f | 1f44 0000 | 0f84 3000 | 0000 ffc2 | 3bd5 7426 | 0f1f 4000 | 3bd5 0f83 
  0x00007efbdcfd8ad4: a414 0000 | 458b 5495 | 104d 8b9f 

  0x00007efbdcfd8ae0: ; ImmutableOopMap {r10=NarrowOop r8=NarrowOop r9=Oop r13=NarrowOop [0]=Oop [12]=NarrowOop [24]=Oop [32]=Oop [44]=NarrowOop [48]=Oop [64]=NarrowOop [76]=NarrowOop [80]=Oop [88]=Oop }
                      ;*ifnonnull {reexecute=1 rethrow=0 return_oop=0}
                      ; - (reexecute) org.eclipse.jdt.internal.compiler.util.HashtableOfObject::putUnsafely@36 (line 131)
                      ; - org.eclipse.jdt.internal.core.index.DiskIndex::copyQueryResults@144 (line 391)
  0x00007efbdcfd8ae0: 5004 0000 

  0x00007efbdcfd8ae4: ;   {poll}
  0x00007efbdcfd8ae4: 4185 0345 | 85d2 740a | ffc2 3bd5 | 75de 33d2 | eba7 3bd5 | 0f83 d212 | 0000 4863 | da4d 8bd5 
  0x00007efbdcfd8b04: 48c1 e302 | 4d8d 541d | 1044 8b5c | 2440 4589 | 1a49 c1ea | 0949 bb00 | 90c2 e7fb | 7e00 0047 
  0x00007efbdcfd8b24: 8824 1345 | 8b58 0c41 | 3bd3 0f83 | 0813 0000 | 458b 5808 | 0f1f 8400 | 0000 0000 

  0x00007efbdcfd8b40: ;   {metadata('java/lang/Object'[])}
  0x00007efbdcfd8b40: 4181 fb40 | 1200 000f | 855b 1300 | 004c 8b54 | 2458 458b | 5210 4c8b | 5c24 5845 | 8b5b 0c49 
  0x00007efbdcfd8b60: 8bc9 41ff | c34c 8b4c | 2458 4589 | 590c 4d8b | c84d 8d44 | 1810 4189 | 0849 c1e8 | 0949 b900 
  0x00007efbdcfd8b80: 90c2 e7fb | 7e00 0047 | 8824 0145 | 3bda 0f8f | f80e 0000 | 8b4c 2438 | 448b 5c24 | 2c44 8b54 
  0x00007efbdcfd8ba0: 2428 4c8b | 4424 308b | 5c24 3cff | c341 3bda | 0f8d 44f4 | ffff 894c | 2438 458b | 4c9b 1090 
  0x00007efbdcfd8bc0: 4585 c90f | 846a fcff | ff44 894c | 2440 895c | 243c 4c89 | 4424 3044 | 8954 2428 | 4489 5c24 
  0x00007efbdcfd8be0: 2c4c 8b54 | 2458 458b | 6a14 418b | 6d0c 458b | 590c 4489 | 5c24 084d | 8bd1 4c89 | 5424 504d 
  0x00007efbdcfd8c00: 8d51 104c | 8954 2460 | 448b 5424 | 0841 83fa | 020f 8c4e | 0e00 00bb | 0100 0000 | 488b 7c24 
  0x00007efbdcfd8c20: 608b 5424 | 0883 fa20 | 0f8c 7501 | 0000 4533 | dbc5 d5ef | edc5 cdef | f6c5 c5ef 

  0x00007efbdcfd8c3c: ;   {no_reloc}
  0x00007efbdcfd8c3c: ffc4 413d 

  0x00007efbdcfd8c40: ;   {external_word}
  0x00007efbdcfd8c40: efc0 49b9 | 801a beec | fb7e 0000 | 458b 11c4 | c179 6ec2 | c4e2 7d58 | c044 8bca | 4183 e1e0 
  0x00007efbdcfd8c60: 410f afda | c421 7a6f | 0c5f c421 | 7a6f 545f | 10c4 217a | 6f5c 5f20 | c421 7a6f | 645f 30c4 
  0x00007efbdcfd8c80: e255 40e8 | c442 7d33 | c9c4 c155 | fee9 c4e2 | 4d40 f0c4 | 427d 33d2 | c4c1 4dfe | f2c4 e245 
  0x00007efbdcfd8ca0: 40f8 c442 | 7d33 dbc4 | c145 fefb | c462 3d40 | c0c4 427d | 33e4 c441 | 3dfe c441 | 83c3 2045 
  0x00007efbdcfd8cc0: 3bd9 7c9c | 4a8d 3c4f 

  0x00007efbdcfd8cc8: ;   {external_word}
  0x00007efbdcfd8cc8: 412b d149 | b984 1abe | ecfb 7e00 | 00c4 c17e | 6f09 c4e2 

  0x00007efbdcfd8cdc: ;   {external_word}
  0x00007efbdcfd8cdc: 5540 e949 | b9a4 1abe | ecfb 7e00 | 00c4 c17e | 6f11 c4e2 

  0x00007efbdcfd8cf0: ;   {external_word}
  0x00007efbdcfd8cf0: 4d40 f249 | b9c4 1abe | ecfb 7e00 | 00c4 c17e | 6f19 c4e2 

  0x00007efbdcfd8d04: ;   {external_word}
  0x00007efbdcfd8d04: 4540 fb49 | b9e4 1abe | ecfb 7e00 | 00c4 c17e | 6f21 c462 | 3d40 c4c4 | 6255 02cd | c443 7d39 
  0x00007efbdcfd8d24: ca01 c441 | 31fe cac4 | 4231 02c9 | c579 6ed3 | c441 31fe | cac5 797e | cbc4 624d | 02de c443 
  0x00007efbdcfd8d44: 7d39 dc01 | c441 21fe | dcc4 4221 | 02db c579 | 6ee3 c441 | 21fe dcc5 | 797e dbc4 | 6245 02cf 
  0x00007efbdcfd8d64: c443 7d39 | ca01 c441 | 31fe cac4 | 4231 02c9 | c579 6ed3 | c441 31fe | cac5 797e | cbc4 423d 
  0x00007efbdcfd8d84: 02d8 c443 | 7d39 dc01 | c441 21fe | dcc4 4221 | 02db c579 | 6ee3 c441 | 21fe dcc5 | 797e db41 
  0x00007efbdcfd8da4: bb01 0000 | 0044 3bda | 0f8d 2e00 | 0000 41ba | c103 0000 | 410f afda | 460f b74c | 5ffe 458b 
  0x00007efbdcfd8dc4: d141 c1e2 | 0545 2bd1 | 4103 da46 | 0fb7 145f | 4103 da41 | 83c3 0244 | 3bda 7cd2 | 7f12 448b 
  0x00007efbdcfd8de4: cbc1 e305 | 412b d946 | 0fb7 545f | fe41 03da | 8bc3 25ff | ffff 7f85 | ed66 6690 | 0f86 060f 
  0x00007efbdcfd8e04: ;   {no_reloc}
  0x00007efbdcfd8e04: 0000 3d00 | 0000 8075 | 0733 d283 | fdff 7403 | 99f7 fd4c | 8b54 2458 | 458b 4218 | 3bd5 0f83 
  0x00007efbdcfd8e24: a80e 0000 | 458b 5495 | 104d 8b9f 

  0x00007efbdcfd8e30: ; ImmutableOopMap {r10=NarrowOop r8=NarrowOop r13=NarrowOop [0]=Oop [12]=NarrowOop [24]=Oop [32]=Oop [44]=NarrowOop [48]=Oop [64]=NarrowOop [76]=NarrowOop [80]=Oop [96]=Derived_oop_[80] [88]=Oop }
                      ;*ifnonnull {reexecute=1 rethrow=0 return_oop=0}
                      ; - (reexecute) org.eclipse.jdt.internal.compiler.util.HashtableOfObject::get@51 (line 86)
                      ; - org.eclipse.jdt.internal.core.index.DiskIndex::copyQueryResults@123 (line 389)
  0x00007efbdcfd8e30: 5004 0000 

  0x00007efbdcfd8e34: ;   {poll}
  0x00007efbdcfd8e34: 4185 0345 | 85d2 660f | 1f44 0000 | 0f84 f6f9 | ffff 498b | fa48 8b74 | 2450 483b | fe0f 84b7 
  0x00007efbdcfd8e54: 0000 0048 | 85ff 0f84 | b500 0000 | 4885 f60f | 84ac 0000 | 008b 4f0c | 3b4e 0c0f | 85a0 0000 
  0x00007efbdcfd8e74: 0085 c90f | 8491 0000 | 0048 8d7f | 1048 8d76 | 10d1 e18b | c183 e01f | 83e1 e00f | 844b 0000 
  0x00007efbdcfd8e94: 0048 8d3c | 0f48 8d34 | 0e48 f7d9 | c5fe 6f04 | 0fc5 fe6f | 0c0e c5fd | efc1 c4e2 | 7d17 c00f 
  0x00007efbdcfd8eb4: 855c 0000 | 0048 83c1 | 2075 e185 | c00f 8447 | 0000 00c5 | fe6f 4407 | e0c5 fe6f | 4c06 e0c5 
  0x00007efbdcfd8ed4: fdef c1c4 | e27d 17c0 | 7537 eb2e | 8bc8 83e1 | fc74 1948 | 8d3c 0f48 | 8d34 0e48 | f7d9 8b1c 
  0x00007efbdcfd8ef4: 0f3b 1c0e | 751b 4883 | c104 75f2 | a802 740a | 0fb7 1f0f | b70e 3bd9 | 7507 b801 | 0000 00eb 
  0x00007efbdcfd8f14: 0233 c0c5 | fdef c0c5 | f5ef c990 | 85c0 0f85 | 1d01 0000 | ffc2 3bd5 | 0f84 0701 

  0x00007efbdcfd8f30: ;   {no_reloc}
  0x00007efbdcfd8f30: 0000 3bd5 | 0f83 da0f | 0000 458b | 5c95 104d | 8b97 5004 

  0x00007efbdcfd8f44: ; ImmutableOopMap {r11=NarrowOop r8=NarrowOop r13=NarrowOop [0]=Oop [12]=NarrowOop [24]=Oop [32]=Oop [44]=NarrowOop [48]=Oop [64]=NarrowOop [76]=NarrowOop [80]=Oop [96]=Derived_oop_[80] [88]=Oop }
                      ;*ifnonnull {reexecute=1 rethrow=0 return_oop=0}
                      ; - (reexecute) org.eclipse.jdt.internal.compiler.util.HashtableOfObject::get@51 (line 86)
                      ; - org.eclipse.jdt.internal.core.index.DiskIndex::copyQueryResults@123 (line 389)
                      ;   {poll}
  0x00007efbdcfd8f44: 0000 4185 | 0245 85db | 0f84 eaf8 | ffff 498b | fb48 8b74 | 2450 483b | fe0f 84b7 | 0000 0048 
  0x00007efbdcfd8f64: 85ff 0f84 | b500 0000 | 4885 f60f | 84ac 0000 | 008b 4f0c | 3b4e 0c0f | 85a0 0000 | 0085 c90f 
  0x00007efbdcfd8f84: 8491 0000 | 0048 8d7f | 1048 8d76 | 10d1 e18b | c183 e01f | 83e1 e00f | 844b 0000 | 0048 8d3c 
  0x00007efbdcfd8fa4: 0f48 8d34 | 0e48 f7d9 | c5fe 6f04 | 0fc5 fe6f | 0c0e c5fd | efc1 c4e2 | 7d17 c00f | 855c 0000 
  0x00007efbdcfd8fc4: 0048 83c1 | 2075 e185 | c00f 8447 | 0000 00c5 | fe6f 4407 | e0c5 fe6f | 4c06 e0c5 | fdef c1c4 
  0x00007efbdcfd8fe4: e27d 17c0 | 7537 eb2e | 8bc8 83e1 | fc74 1948 | 8d3c 0f48 | 8d34 0e48 | f7d9 8b1c | 0f3b 1c0e 
  0x00007efbdcfd9004: 751b 4883 | c104 75f2 | a802 740a | 0fb7 1f0f | b70e 3bd9 | 7507 b801 | 0000 00eb | 0233 c0c5 
  0x00007efbdcfd9024: fdef c0c5 | f5ef c985 | c075 16ff | c23b d50f | 85f9 feff | ff33 d20f | 1f44 0000 | e9db fdff 
  0x00007efbdcfd9044: ;   {no_reloc}
  0x00007efbdcfd9044: ff45 8b50 | 0c41 3bd2 | 0f83 d20c | 0000 458b | 5c90 1044 | 895c 2444 | 0f1f 4000 | 4585 db0f 
  0x00007efbdcfd9064: 84d3 f7ff | ff41 8b6b | 0889 6c24 | 484d 8bd3 | 4c89 5424 | 688b 6c24 | 4866 6690 

  0x00007efbdcfd9080: ;   {metadata('org/eclipse/jdt/internal/core/index/DiskIndex$IntList')}
  0x00007efbdcfd9080: 81fd 307a | 6801 0f85 | 2702 0000 | 418b 6a10 | 4c89 5424 | 4044 8b55 | 0c4c 8b5c | 2440 458b 
  0x00007efbdcfd90a0: 5b0c 4489 | 5c24 4845 | 3bda 0f85 | c401 0000 | 478d 045b | 4183 f807 | 7d06 41b8 | 0700 0000 
  0x00007efbdcfd90c0: 4181 f800 | 0004 000f | 871f 1000 | 004d 63d8 | 4181 f800 | 0004 000f | 87ab 0a00 | 004d 8b8f 
  0x00007efbdcfd90e0: b801 0000 | 4a8d 0c9d | 1700 0000 | 4c8b d949 | 83e3 f849 | 8bd9 4903 | db0f 1f80 | 0000 0000 
  0x00007efbdcfd9100: 493b 9fc8 | 0100 000f | 837b 0a00 | 0049 899f | b801 0000 | 0f0d 8bc0 | 0000 0049 | c701 0100 
  0x00007efbdcfd9120: 0000 0f0d | 8b00 0100 

  0x00007efbdcfd9128: ;   {metadata({type array int})}
  0x00007efbdcfd9128: 0041 c741 | 0838 2600 | 0045 8941 | 0c0f 0d8b | 4001 0000 | 498b f948 | 83c7 100f | 0d8b 8001 
  0x00007efbdcfd9148: 0000 48c1 | e903 4883 | c1fe 4833 | c048 83f9 | 087f 1048 | ffc9 784f | 4889 04cf | 48ff c97d 
  0x00007efbdcfd9168: f7eb 44c5 | fdef c0e9 | 0d00 0000 | c5fe 7f07 | c5fe 7f47 | 2048 83c7 | 4048 83e9 | 087d ed48 
  0x00007efbdcfd9188: 83c1 047c | 0cc5 fe7f | 0748 83c7 | 2048 83e9 | 0448 83c1 | 047e 1048 | ffc9 c5f9 | d607 4883 
  0x00007efbdcfd91a8: c708 48ff | c97d f344 | 8944 2408 | 4c8b 5c24 | 4049 8bc9 | 4c8b 4424 | 4041 8948 | 1049 c1eb 
  0x00007efbdcfd91c8: 0949 b800 | 90c2 e7fb | 7e00 0047 | 8824 1866 | 0f1f 8400 | 0000 0000 | 443b 5424 | 480f 8209 
  0x00007efbdcfd91e8: 0f00 0044 | 8b54 2408 | 443b 5424 | 480f 8200 | 0f00 0044 | 8b44 2448 | 4585 c00f | 8cf7 0e00 
  0x00007efbdcfd9208: 0045 85c0 | 7429 4983 | c110 4963 | d04c 8bd5 | 488d 7d10 | 498b f1c5 | f877 49ba | e0e1 56dc 
  0x00007efbdcfd9228: ;   {no_reloc}
  0x00007efbdcfd9228: fb7e 0000 

  0x00007efbdcfd922c: ;   {other}
  0x00007efbdcfd922c: 41ff d20f | 1f84 0000 | 0000 004c | 8b54 2440 | 418b 6a10 | 458b 5a0c | 4489 5c24 | 4845 8bd3 
  0x00007efbdcfd924c: 41ff c24c | 8b5c 2440 | 4589 530c | 85ed 7524 | bef6 ffff | ff66 6690 

  0x00007efbdcfd9264: ;   {runtime_call UncommonTrapBlob}
  0x00007efbdcfd9264: c5f8 77e8 

  0x00007efbdcfd9268: ; ImmutableOopMap {}
                      ;*iastore {reexecute=0 rethrow=0 return_oop=0}
                      ; - org.eclipse.jdt.internal.core.index.DiskIndex$IntList::add@65 (line 94)
                      ; - org.eclipse.jdt.internal.core.index.DiskIndex::copyQueryResults@164 (line 393)
  0x00007efbdcfd9268: 9410 5bff 

  0x00007efbdcfd926c: ;   {other}
  0x00007efbdcfd926c: 0f1f 8400 | dc16 0007 | 41ff c34c | 8b54 2440 | 4589 5a0c | 448b 5d0c | 448b 4424 | 4845 3bc3 
  0x00007efbdcfd928c: 0f83 be0c | 0000 8b4c | 2438 4289 | 4c85 1044 | 8b5c 242c | 448b 5424 | 284c 8b44 | 2430 8b5c 
  0x00007efbdcfd92ac: 243c e9f8 | f8ff ff4d | 8b9f b801 | 0000 4d8b | d349 83c2 | 184d 3b97 | c801 0000 | 0f83 fd08 
  0x00007efbdcfd92cc: 0000 4d89 | 97b8 0100 | 0041 0f0d | 8ac0 0000 | 0049 c703 | 0100 0000 

  0x00007efbdcfd92e4: ;   {metadata('org/eclipse/jdt/internal/core/index/DiskIndex$IntList')}
  0x00007efbdcfd92e4: 41c7 4308 | 307a 6801 | 4589 630c | 4d89 6310 | 4c89 5c24 | 7044 8b5c | 2448 6690 

  0x00007efbdcfd9300: ;   {metadata({type array int})}
  0x00007efbdcfd9300: 4181 fb38 | 2600 000f | 8527 1400 | 004c 8b54 | 2468 4c89 | 5424 6845 | 8b52 0c44 | 8954 2444 
  0x00007efbdcfd9320: 478d 1452 | 4183 fa07 | 7d06 41ba | 0700 0000 | 4181 fa00 | 0004 000f | 87f3 0e00 | 004d 63c2 
  0x00007efbdcfd9340: 4c8b 5c24 | 708b 6c24 | 4441 896b | 0c4c 8b5c | 2468 4c8b | 4c24 7045 | 8959 104d | 8bd9 49c1 
  0x00007efbdcfd9360: eb09 49b9 | 0090 c2e7 | fb7e 0000 | 4788 2419 | 4181 fa00 | 0004 000f | 8773 0800 | 004d 8b9f 
  0x00007efbdcfd9380: b801 0000 | 4a8d 0c85 | 1700 0000 | 4c8b c149 | 83e0 f84d | 8bcb 4d03 | c80f 1f80 | 0000 0000 
  0x00007efbdcfd93a0: 4d3b 8fc8 | 0100 000f | 8343 0800 | 004d 898f | b801 0000 | 410f 0d89 | c000 0000 | 49c7 0301 
  0x00007efbdcfd93c0: 0000 0041 | 0f0d 8900 

  0x00007efbdcfd93c8: ;   {metadata({type array int})}
  0x00007efbdcfd93c8: 0100 0041 | c743 0838 | 2600 0045 | 8953 0c41 | 0f0d 8940 | 0100 0049 | 8bfb 4883 | c710 410f 
  0x00007efbdcfd93e8: 0d89 8001 | 0000 48c1 | e903 4883 | c1fe 4833 | c048 83f9 | 087f 1048 | ffc9 784f | 4889 04cf 
  0x00007efbdcfd9408: 48ff c97d | f7eb 44c5 | fdef c0e9 | 0d00 0000 | c5fe 7f07 | c5fe 7f47 | 2048 83c7 | 4048 83e9 
  0x00007efbdcfd9428: 087d ed48 | 83c1 047c | 0cc5 fe7f | 0748 83c7 | 2048 83e9 | 0448 83c1 | 047e 1048 | ffc9 c5f9 
  0x00007efbdcfd9448: d607 4883 | c708 48ff | c97d f341 | 8bea 4c8b | 5424 704d | 8bc3 4c8b | 4c24 7045 | 8941 1049 
  0x00007efbdcfd9468: c1ea 0949 | b800 90c2 | e7fb 7e00 | 0047 8824 | 100f 1f80 | 0000 0000 | 3b6c 2444 | 0f82 b20e 
  0x00007efbdcfd9488: 0000 448b | 4424 4445 | 85c0 762b | 488b 7c24 | 6848 83c7 | 1049 83c3 | 1049 63d0 | 498b f3c5 
  0x00007efbdcfd94a8: f877 49ba | e0e1 56dc | fb7e 0000 

  0x00007efbdcfd94b4: ;   {other}
  0x00007efbdcfd94b4: 41ff d20f | 1f84 0000 | 0000 004c | 8b54 2470 | 458b 520c | 4c8b 5c24 | 7041 8b6b | 1045 8bda 
  0x00007efbdcfd94d4: 41ff c34c | 8b44 2470 | 4589 580c 

  0x00007efbdcfd94e0: ; implicit exception: dispatches to 0x00007efbdcfda8c4
  0x00007efbdcfd94e0: 448b 5d0c | 453b d30f | 834b 0d00 | 0044 8b5c | 2438 4689 | 5c95 104c | 8b54 2458 | 458b 4214 
  0x00007efbdcfd9500: ; implicit exception: dispatches to 0x00007efbdcfda8e0
  0x00007efbdcfd9500: 458b 480c | 448b 5c24 | 0841 83fb | 020f 8ce3 | 0500 00bb | 0100 0000 | 488b 7c24 | 608b 5424 
  0x00007efbdcfd9520: 0883 fa20 | 0f8c 6e01 | 0000 4533 | d2c5 d5ef | edc5 cdef | f6c5 c5ef | ffc4 413d 

  0x00007efbdcfd953c: ;   {external_word}
  0x00007efbdcfd953c: efc0 48be | 801a beec | fb7e 0000 | 448b 1ec4 | c179 6ec3 | c4e2 7d58 | c08b f283 | e6e0 410f 
  0x00007efbdcfd955c: afdb c421 | 7a6f 0c57 | c421 7a6f | 5457 10c4 | 217a 6f5c | 5720 c421 | 7a6f 6457 | 30c4 e255 
  0x00007efbdcfd957c: 40e8 c442 | 7d33 c9c4 | c155 fee9 | c4e2 4d40 | f0c4 427d | 33d2 c4c1 | 4dfe f2c4 | e245 40f8 
  0x00007efbdcfd959c: c442 7d33 | dbc4 c145 | fefb c462 | 3d40 c0c4 | 427d 33e4 | c441 3dfe | c441 83c2 | 2044 3bd6 
  0x00007efbdcfd95bc: 7c9c 488d | 3c77 2bd6 

  0x00007efbdcfd95c4: ;   {external_word}
  0x00007efbdcfd95c4: 48be 841a | beec fb7e | 0000 c5fe | 6f0e c4e2 

  0x00007efbdcfd95d4: ;   {external_word}
  0x00007efbdcfd95d4: 5540 e948 | bea4 1abe | ecfb 7e00 | 00c5 fe6f | 16c4 e24d 

  0x00007efbdcfd95e8: ;   {external_word}
  0x00007efbdcfd95e8: 40f2 48be | c41a beec | fb7e 0000 | c5fe 6f1e | c4e2 4540 

  0x00007efbdcfd95fc: ;   {external_word}
  0x00007efbdcfd95fc: fb48 bee4 | 1abe ecfb | 7e00 00c5 | fe6f 26c4 | 623d 40c4 | c462 5502 | cdc4 437d | 39ca 01c4 
  0x00007efbdcfd961c: 4131 feca | c442 3102 | c9c5 796e | d3c4 4131 | feca c579 | 7ecb c462 | 4d02 dec4 | 437d 39dc 
  0x00007efbdcfd963c: 01c4 4121 | fedc c442 | 2102 dbc5 | 796e e3c4 | 4121 fedc | c579 7edb | c462 4502 | cfc4 437d 
  0x00007efbdcfd965c: 39ca 01c4 | 4131 feca | c442 3102 | c9c5 796e | d3c4 4131 | feca c579 | 7ecb c442 | 3d02 d8c4 
  0x00007efbdcfd967c: 437d 39dc | 01c4 4121 | fedc c442 | 2102 dbc5 | 796e e3c4 | 4121 fedc | c579 7edb | 41ba 0100 
  0x00007efbdcfd969c: 0000 443b | d20f 8d2e | 0000 0041 | bbc1 0300 | 0041 0faf | db42 0fb7 | 7457 fe44 | 8bde 41c1 
  0x00007efbdcfd96bc: e305 442b | de41 03db | 460f b71c | 5741 03db | 4183 c202 | 443b d27c | d27f 108b | f3c1 e305 
  0x00007efbdcfd96dc: 2bde 460f | b75c 57fe | 4103 db81 | e3ff ffff | 7f45 85c9 | 0f86 c60c | 0000 8bc3 | 3d00 0000 
  0x00007efbdcfd96fc: ;   {no_reloc}
  0x00007efbdcfd96fc: 8075 0833 | d241 83f9 | ff74 0499 | 41f7 f94c | 8b54 2458 | 418b 6a18 | 4c8b 5424 | 704d 8bea 
  0x00007efbdcfd971c: 0f1f 4000 | 413b d10f | 838f 0a00 | 0045 8b5c | 9010 4d8b | 9750 0400 

  0x00007efbdcfd9734: ; ImmutableOopMap {r11=NarrowOop r8=NarrowOop rbp=NarrowOop r13=NarrowOop [0]=Oop [12]=NarrowOop [24]=Oop [32]=Oop [44]=NarrowOop [48]=Oop [64]=NarrowOop [76]=NarrowOop [80]=Oop [88]=Oop [112]=Oop }
                      ;*ifnonnull {reexecute=1 rethrow=0 return_oop=0}
                      ; - (reexecute) org.eclipse.jdt.internal.compiler.util.HashtableOfObject::put@58 (line 101)
                      ; - org.eclipse.jdt.internal.core.index.DiskIndex::copyQueryResults@196 (line 397)
                      ;   {poll}
  0x00007efbdcfd9734: 0041 8502 | 4585 db0f | 1f44 0000 | 0f84 1802 | 0000 498b | fb48 8b74 | 2450 483b | fe0f 84b7 
  0x00007efbdcfd9754: 0000 0048 | 85ff 0f84 | b500 0000 | 4885 f60f | 84ac 0000 | 008b 4f0c | 3b4e 0c0f | 85a0 0000 
  0x00007efbdcfd9774: 0085 c90f | 8491 0000 | 0048 8d7f | 1048 8d76 | 10d1 e18b | c183 e01f | 83e1 e00f | 844b 0000 
  0x00007efbdcfd9794: 0048 8d3c | 0f48 8d34 | 0e48 f7d9 | c5fe 6f04 | 0fc5 fe6f | 0c0e c5fd | efc1 c4e2 | 7d17 c00f 
  0x00007efbdcfd97b4: 855c 0000 | 0048 83c1 | 2075 e185 | c00f 8447 | 0000 00c5 | fe6f 4407 | e0c5 fe6f | 4c06 e0c5 
  0x00007efbdcfd97d4: fdef c1c4 | e27d 17c0 | 7537 eb2e | 8bc8 83e1 | fc74 1948 | 8d3c 0f48 | 8d34 0e48 | f7d9 8b1c 
  0x00007efbdcfd97f4: 0f3b 1c0e | 751b 4883 | c104 75f2 | a802 740a | 0fb7 1f0f | b70e 3bd9 | 7507 b801 | 0000 00eb 
  0x00007efbdcfd9814: 0233 c0c5 | fdef c0c5 | f5ef c990 | 85c0 0f85 | 6804 0000 | ffc2 413b | d10f 8420 | 0100 0066 
  0x00007efbdcfd9834: ;   {no_reloc}
  0x00007efbdcfd9834: 0f1f 8400 | 0000 0000 | 6666 6690 | 413b d10f | 83eb 0b00 | 0045 8b54 | 9010 4d8b | 9f50 0400 
  0x00007efbdcfd9854: ; ImmutableOopMap {r10=NarrowOop r8=NarrowOop rbp=NarrowOop r13=NarrowOop [0]=Oop [12]=NarrowOop [24]=Oop [32]=Oop [44]=NarrowOop [48]=Oop [64]=NarrowOop [76]=NarrowOop [80]=Oop [88]=Oop [112]=Oop }
                      ;*ifnonnull {reexecute=1 rethrow=0 return_oop=0}
                      ; - (reexecute) org.eclipse.jdt.internal.compiler.util.HashtableOfObject::put@58 (line 101)
                      ; - org.eclipse.jdt.internal.core.index.DiskIndex::copyQueryResults@196 (line 397)
                      ;   {poll}
  0x00007efbdcfd9854: 0041 8503 | 4585 d20f | 1f44 0000 | 0f84 f800 | 0000 498b | fa48 8b74 | 2450 483b | fe0f 84b7 
  0x00007efbdcfd9874: 0000 0048 | 85ff 0f84 | b500 0000 | 4885 f60f | 84ac 0000 | 008b 4f0c | 3b4e 0c0f | 85a0 0000 
  0x00007efbdcfd9894: 0085 c90f | 8491 0000 | 0048 8d7f | 1048 8d76 | 10d1 e18b | c183 e01f | 83e1 e00f | 844b 0000 
  0x00007efbdcfd98b4: 0048 8d3c | 0f48 8d34 | 0e48 f7d9 | c5fe 6f04 | 0fc5 fe6f | 0c0e c5fd | efc1 c4e2 | 7d17 c00f 
  0x00007efbdcfd98d4: 855c 0000 | 0048 83c1 | 2075 e185 | c00f 8447 | 0000 00c5 | fe6f 4407 | e0c5 fe6f | 4c06 e0c5 
  0x00007efbdcfd98f4: fdef c1c4 | e27d 17c0 | 7537 eb2e | 8bc8 83e1 | fc74 1948 | 8d3c 0f48 | 8d34 0e48 | f7d9 8b1c 
  0x00007efbdcfd9914: 0f3b 1c0e | 751b 4883 | c104 75f2 | a802 740a | 0fb7 1f0f | b70e 3bd9 | 7507 b801 | 0000 00eb 
  0x00007efbdcfd9934: 0233 c0c5 | fdef c0c5 | f5ef c990 | 85c0 0f85 | 4803 0000 | ffc2 413b | d10f 85ed | feff ff45 
  0x00007efbdcfd9954: ;   {no_reloc}
  0x00007efbdcfd9954: 33d2 418b | d2e9 befd | ffff 6690 | 413b d10f | 8307 0900 | 004c 63ca | 4d8b d049 | c1e1 024f 
  0x00007efbdcfd9974: 8d54 0810 | 448b 5c24 | 4045 891a | 49c1 ea09 | 49bb 0090 | c2e7 fb7e | 0000 4788 | 2413 448b 
  0x00007efbdcfd9994: 5d0c 413b | d30f 8345 | 0900 0044 

  0x00007efbdcfd99a0: ;   {metadata('java/lang/Object'[])}
  0x00007efbdcfd99a0: 8b5d 0841 | 81fb 4012 | 0000 0f85 | 240a 0000 | 4c8b 5424 | 5845 8b52 | 104c 8b5c | 2458 458b 
  0x00007efbdcfd99c0: 430c 4c8b | dd4e 8d5c | 0d10 4589 | 2b41 ffc0 | 4c8b 4c24 | 5845 8941 | 0c49 c1eb | 0949 b900 
  0x00007efbdcfd99e0: 90c2 e7fb | 7e00 0047 | 8824 1945 | 3bc2 7f35 | 8b4c 2438 | 448b 5c24 | 2c44 8b54 | 2428 4c8b 
  0x00007efbdcfd9a00: 4424 308b | 5c24 3ce9 | 9ff1 ffff | c5f8 7748 | 81c4 a000 

  0x00007efbdcfd9a14: ;   {poll_return}
  0x00007efbdcfd9a14: 0000 5d49 | 3ba7 4804 | 0000 0f87 | 7c0f 0000 | c348 8b74 | 2458 6690 

  0x00007efbdcfd9a2c: ;   {optimized virtual_call}
  0x00007efbdcfd9a2c: c5f8 77e8 

  0x00007efbdcfd9a30: ; ImmutableOopMap {[0]=Oop [12]=NarrowOop [24]=Oop [32]=Oop [44]=NarrowOop [48]=Oop [76]=NarrowOop [88]=Oop [112]=Oop }
                      ;*invokevirtual rehash {reexecute=0 rethrow=0 return_oop=0}
                      ; - org.eclipse.jdt.internal.compiler.util.HashtableOfObject::put@96 (line 114)
                      ; - org.eclipse.jdt.internal.core.index.DiskIndex::copyQueryResults@196 (line 397)
  0x00007efbdcfd9a30: 4cb6 5aff 

  0x00007efbdcfd9a34: ;   {other}
  0x00007efbdcfd9a34: 0f1f 8400 | a41e 000a | ebb2 8b4c | 2438 448b | 4424 0c44 | 8b54 2414 | 448b 5c24 | 4c48 8b7c 
  0x00007efbdcfd9a54: 2418 488b | 7424 208b | 5c24 1090 | e9b2 e5ff | ff45 8bda | 4183 fb01 | 0f85 b300 | 0000 4585 
  0x00007efbdcfd9a74: db0f 86cd | 0a00 004c | 8b54 2460 | 410f b702 | 83c0 1fe9 | 6ff3 ffff | 488b 7424 | 5866 6690 
  0x00007efbdcfd9a94: ;   {optimized virtual_call}
  0x00007efbdcfd9a94: c5f8 77e8 

  0x00007efbdcfd9a98: ; ImmutableOopMap {[0]=Oop [12]=NarrowOop [24]=Oop [32]=Oop [44]=NarrowOop [48]=Oop [76]=NarrowOop [88]=Oop }
                      ;*invokevirtual rehash {reexecute=0 rethrow=0 return_oop=0}
                      ; - org.eclipse.jdt.internal.compiler.util.HashtableOfObject::putUnsafely@74 (line 141)
                      ; - org.eclipse.jdt.internal.core.index.DiskIndex::copyQueryResults@144 (line 391)
  0x00007efbdcfd9a98: e491 ffff 

  0x00007efbdcfd9a9c: ;   {other}
  0x00007efbdcfd9a9c: 0f1f 8400 | 0c1f 000b | e9eb f0ff | ff41 83fa | 010f 857c | 0000 0045 | 8bda 4585 | db0f 86b9 
  0x00007efbdcfd9abc: 0a00 004c | 8b54 2460 | 410f b702 | 83c0 1fe9 | bcef ffff | 83fa 010f | 85a5 0000 | 0085 d20f 
  0x00007efbdcfd9adc: 1f44 0000 | 0f86 d60a | 0000 440f | b71f 458d | 531f 418b | c2e9 9ce7 | ffff 4183 | fb01 660f 
  0x00007efbdcfd9afc: 1f44 0000 | 0f85 b700 | 0000 4585 | db0f 86f5 | 0a00 004c | 8b54 2460 | 450f b71a | 458d 531f 
  0x00007efbdcfd9b1c: 418b da90 | e9c8 fbff | ffb8 0100 | 0000 e9cc | f2ff ffb8 | 0100 0000 | e953 efff | ff44 8944 
  0x00007efbdcfd9b3c: 2448 4489 

  0x00007efbdcfd9b40: ;   {metadata({type array int})}
  0x00007efbdcfd9b40: 6c24 4448 | be38 2600 | 8dfb 7e00 | 00ba 0100 | 0000 6690 

  0x00007efbdcfd9b54: ;   {runtime_call _new_array_Java}
  0x00007efbdcfd9b54: c5f8 77e8 

  0x00007efbdcfd9b58: ; ImmutableOopMap {[0]=Oop [12]=NarrowOop [24]=Oop [32]=Oop [44]=NarrowOop [48]=Oop [64]=NarrowOop [68]=NarrowOop [72]=NarrowOop [76]=NarrowOop [80]=Oop [96]=Derived_oop_[80] [88]=Oop }
                      ;*newarray {reexecute=0 rethrow=0 return_oop=1}
                      ; - org.eclipse.jdt.internal.core.index.DiskIndex::copyQueryResults@138 (line 391)
  0x00007efbdcfd9b58: 2435 66ff 

  0x00007efbdcfd9b5c: ;   {other}
  0x00007efbdcfd9b5c: 0f1f 8400 | cc1f 000c | 4c8b c844 | 8b6c 2444 | 448b 4424 | 48e9 23ed | ffff 41ff | c3e9 37ea 
  0x00007efbdcfd9b7c: ffff b801 | 0000 00e9 | 0ae7 ffff | 4489 5424 | 6444 8944 

  0x00007efbdcfd9b90: ;   {metadata({type array int})}
  0x00007efbdcfd9b90: 2408 48be | 3826 008d | fb7e 0000 | 418b d090 

  0x00007efbdcfd9ba0: ;   {runtime_call _new_array_Java}
  0x00007efbdcfd9ba0: c5f8 77e8 

  0x00007efbdcfd9ba4: ; ImmutableOopMap {rbp=NarrowOop [0]=Oop [12]=NarrowOop [24]=Oop [32]=Oop [44]=NarrowOop [48]=Oop [64]=Oop [76]=NarrowOop [88]=Oop }
                      ;*newarray {reexecute=0 rethrow=0 return_oop=1}
                      ; - org.eclipse.jdt.internal.core.index.DiskIndex$IntList::add@35 (line 92)
                      ; - org.eclipse.jdt.internal.core.index.DiskIndex::copyQueryResults@164 (line 393)
  0x00007efbdcfd9ba4: d834 66ff 

  0x00007efbdcfd9ba8: ;   {other}
  0x00007efbdcfd9ba8: 0f1f 8400 | 1820 000d | 4c8b c844 | 8b54 2464 | e9f7 f5ff | ff41 bb01 | 0000 0041 | 8bdb e922 
  0x00007efbdcfd9bc8: ;   {metadata('org/eclipse/jdt/internal/core/index/DiskIndex$IntList')}
  0x00007efbdcfd9bc8: fbff ff48 | be30 7a68 | 8efb 7e00 | 0066 6690 

  0x00007efbdcfd9bd8: ;   {runtime_call _new_instance_Java}
  0x00007efbdcfd9bd8: c5f8 77e8 

  0x00007efbdcfd9bdc: ; ImmutableOopMap {[0]=Oop [12]=NarrowOop [24]=Oop [32]=Oop [44]=NarrowOop [48]=Oop [64]=NarrowOop [68]=NarrowOop [76]=NarrowOop [80]=Oop [96]=Derived_oop_[80] [88]=Oop [104]=Oop }
                      ;*new {reexecute=0 rethrow=0 return_oop=1}
                      ; - org.eclipse.jdt.internal.core.index.DiskIndex::copyQueryResults@170 (line 395)
  0x00007efbdcfd9bdc: a0ee 65ff 

  0x00007efbdcfd9be0: ;   {other}
  0x00007efbdcfd9be0: 0f1f 8400 | 5020 000e | 4c8b d8e9 | 04f7 ffff 

  0x00007efbdcfd9bf0: ;   {metadata({type array int})}
  0x00007efbdcfd9bf0: 418b ea48 | be38 2600 | 8dfb 7e00 | 0041 8bd2 

  0x00007efbdcfd9c00: ;   {runtime_call _new_array_Java}
  0x00007efbdcfd9c00: c5f8 77e8 

  0x00007efbdcfd9c04: ; ImmutableOopMap {[0]=Oop [12]=NarrowOop [24]=Oop [32]=Oop [44]=NarrowOop [48]=Oop [64]=NarrowOop [76]=NarrowOop [80]=Oop [96]=Derived_oop_[80] [88]=Oop [104]=Oop [112]=Oop }
                      ;*newarray {reexecute=0 rethrow=0 return_oop=1}
                      ; - org.eclipse.jdt.internal.core.index.DiskIndex$IntList::add@35 (line 92)
                      ; - org.eclipse.jdt.internal.core.index.DiskIndex::copyQueryResults@187 (line 396)
  0x00007efbdcfd9c04: 7834 66ff 

  0x00007efbdcfd9c08: ;   {other}
  0x00007efbdcfd9c08: 0f1f 8400 | 7820 000f | 4c8b d8e9 | 3ef8 ffff 

  0x00007efbdcfd9c18: ;   {metadata('org/eclipse/jdt/internal/compiler/util/HashtableOfObject')}
  0x00007efbdcfd9c18: 48be 1867 | 2d8e fb7e | 0000 6690 

  0x00007efbdcfd9c24: ;   {runtime_call _new_instance_Java}
  0x00007efbdcfd9c24: c5f8 77e8 

  0x00007efbdcfd9c28: ; ImmutableOopMap {[0]=Oop [12]=NarrowOop [24]=Oop [32]=Oop [40]=NarrowOop [44]=NarrowOop [48]=Oop [64]=Oop [76]=NarrowOop [80]=Oop }
                      ;*new {reexecute=0 rethrow=0 return_oop=1}
                      ; - org.eclipse.jdt.internal.core.index.DiskIndex::copyQueryResults@67 (line 384)
  0x00007efbdcfd9c28: 54ee 65ff 

  0x00007efbdcfd9c2c: ;   {other}
  0x00007efbdcfd9c2c: 0f1f 8400 | 9c20 0010 | e945 e9ff | ff41 8beb 

  0x00007efbdcfd9c3c: ;   {metadata({type array char}[])}
  0x00007efbdcfd9c3c: 48be 6814 | 0d8e fb7e | 0000 8bd5 

  0x00007efbdcfd9c48: ;   {runtime_call _new_array_Java}
  0x00007efbdcfd9c48: c5f8 77e8 

  0x00007efbdcfd9c4c: ; ImmutableOopMap {[0]=Oop [12]=NarrowOop [24]=Oop [32]=Oop [44]=NarrowOop [48]=Oop [64]=Oop [76]=NarrowOop [80]=Oop [88]=Oop }
                      ;*anewarray {reexecute=0 rethrow=0 return_oop=1}
                      ; - org.eclipse.jdt.internal.compiler.util.HashtableOfObject::<init>@63 (line 56)
                      ; - org.eclipse.jdt.internal.core.index.DiskIndex::copyQueryResults@76 (line 384)
  0x00007efbdcfd9c4c: 3034 66ff 

  0x00007efbdcfd9c50: ;   {other}
  0x00007efbdcfd9c50: 0f1f 8400 | c020 0011 | 4c8b c00f | 1f44 0000 | e95a eaff | ff44 8bd5 

  0x00007efbdcfd9c68: ;   {metadata('java/lang/Object'[])}
  0x00007efbdcfd9c68: 48be 4012 | 008d fb7e | 0000 418b | d266 6690 

  0x00007efbdcfd9c78: ;   {runtime_call _new_array_Java}
  0x00007efbdcfd9c78: c5f8 77e8 

  0x00007efbdcfd9c7c: ; ImmutableOopMap {[0]=Oop [12]=NarrowOop [24]=Oop [32]=Oop [44]=NarrowOop [48]=Oop [64]=Oop [76]=NarrowOop [80]=Oop [88]=Oop }
                      ;*anewarray {reexecute=0 rethrow=0 return_oop=1}
                      ; - org.eclipse.jdt.internal.compiler.util.HashtableOfObject::<init>@71 (line 57)
                      ; - org.eclipse.jdt.internal.core.index.DiskIndex::copyQueryResults@76 (line 384)
  0x00007efbdcfd9c7c: 0034 66ff 

  0x00007efbdcfd9c80: ;   {other}
  0x00007efbdcfd9c80: 0f1f 8400 | f020 0012 | 4c8b c8e9 | 31eb ffff 

  0x00007efbdcfd9c90: ; implicit exception: dispatches to 0x00007efbdcfda986
  0x00007efbdcfd9c90: 448b 5d0c | 413b d30f | 83d7 0900 | 0044 8b5d 

  0x00007efbdcfd9ca0: ;   {metadata('java/lang/Object'[])}
  0x00007efbdcfd9ca0: 0841 81fb | 4012 0000 | 0f85 0a0a | 0000 4c8b | d54c 8d54 | 9510 4589 | 2a49 c1ea | 0949 bb00 
  0x00007efbdcfd9cc0: 90c2 e7fb | 7e00 0047 | 8824 13e9 | 20fd ffff | bee4 ffff | ff44 8b5c | 2438 4489 | 5c24 0844 
  0x00007efbdcfd9ce0: 8b54 2440 | 4489 5424 | 2044 8b5c | 243c 4489 | 5c24 2444 | 896c 2440 | 8954 2444 

  0x00007efbdcfd9cfc: ;   {runtime_call UncommonTrapBlob}
  0x00007efbdcfd9cfc: c5f8 77e8 

  0x00007efbdcfd9d00: ; ImmutableOopMap {[0]=Oop [12]=NarrowOop [32]=NarrowOop [44]=NarrowOop [64]=NarrowOop [76]=NarrowOop [88]=Oop }
                      ;*aaload {reexecute=0 rethrow=0 return_oop=0}
                      ; - org.eclipse.jdt.internal.compiler.util.HashtableOfObject::get@47 (line 86)
                      ; - org.eclipse.jdt.internal.core.index.DiskIndex::copyQueryResults@123 (line 389)
  0x00007efbdcfd9d00: fc05 5bff 

  0x00007efbdcfd9d04: ;   {other}
  0x00007efbdcfd9d04: 0f1f 8400 | 7421 0013 | be86 ffff | ff8b e890 

  0x00007efbdcfd9d14: ;   {runtime_call UncommonTrapBlob}
  0x00007efbdcfd9d14: c5f8 77e8 

  0x00007efbdcfd9d18: ; ImmutableOopMap {}
                      ;*irem {reexecute=0 rethrow=0 return_oop=0}
                      ; - org.eclipse.jdt.internal.compiler.util.HashtableOfObject::get@11 (line 84)
                      ; - org.eclipse.jdt.internal.core.index.DiskIndex::copyQueryResults@123 (line 389)
  0x00007efbdcfd9d18: e405 5bff 

  0x00007efbdcfd9d1c: ;   {other}
  0x00007efbdcfd9d1c: 0f1f 8400 | 8c21 0014 | bee4 ffff | ff48 8b2c | 2444 8b5c | 240c 4489 | 5c24 0444 | 8b54 2410 
  0x00007efbdcfd9d3c: 4489 5424 | 0844 8b5c | 2414 4489 | 5c24 0c44 | 8b5c 2428 | 4489 5c24 | 2044 8b54 | 242c 4489 
  0x00007efbdcfd9d5c: 5424 2444 | 8944 2428 | 8954 242c 

  0x00007efbdcfd9d68: ;   {runtime_call UncommonTrapBlob}
  0x00007efbdcfd9d68: c5f8 77e8 

  0x00007efbdcfd9d6c: ; ImmutableOopMap {rbp=Oop [4]=NarrowOop [36]=NarrowOop [40]=NarrowOop [64]=NarrowOop [76]=NarrowOop [88]=Oop }
                      ;*aaload {reexecute=0 rethrow=0 return_oop=0}
                      ; - org.eclipse.jdt.internal.compiler.util.HashtableOfObject::get@30 (line 88)
                      ; - org.eclipse.jdt.internal.core.index.DiskIndex::copyQueryResults@123 (line 389)
  0x00007efbdcfd9d6c: 9005 5bff 

  0x00007efbdcfd9d70: ;   {other}
  0x00007efbdcfd9d70: 0f1f 8400 | e021 0015 | bee4 ffff | ff44 8b54 | 2438 4489 | 5424 0844 | 8b54 243c | 4489 5424 
  0x00007efbdcfd9d90: 2044 8b5c | 2428 4489 | 5c24 2444 | 8b54 242c | 4489 5424 | 2844 8b5c | 2440 4489 | 5c24 2c4c 
  0x00007efbdcfd9db0: 894c 2438 | 4489 6c24 | 4489 5424 | 4866 6690 

  0x00007efbdcfd9dc0: ;   {runtime_call UncommonTrapBlob}
  0x00007efbdcfd9dc0: c5f8 77e8 

  0x00007efbdcfd9dc4: ; ImmutableOopMap {[0]=Oop [12]=NarrowOop [40]=NarrowOop [44]=NarrowOop [56]=Oop [68]=NarrowOop [76]=NarrowOop [88]=Oop }
                      ;*aaload {reexecute=0 rethrow=0 return_oop=0}
                      ; - org.eclipse.jdt.internal.compiler.util.HashtableOfObject::putUnsafely@35 (line 131)
                      ; - org.eclipse.jdt.internal.core.index.DiskIndex::copyQueryResults@144 (line 391)
  0x00007efbdcfd9dc4: 3805 5bff 

  0x00007efbdcfd9dc8: ;   {other}
  0x00007efbdcfd9dc8: 0f1f 8400 | 3822 0016 | bee4 ffff | ff48 8b2c | 2444 8b5c | 2438 4489 | 1c24 448b | 5424 0c44 
  0x00007efbdcfd9de8: 8954 2404 | 448b 5c24 | 1044 895c | 2408 448b | 5424 1444 | 8954 240c | 448b 5c24 | 3c44 895c 
  0x00007efbdcfd9e08: 2418 448b | 5424 2844 | 8954 241c | 448b 5424 | 2c44 8954 | 2420 4c89 | 4c24 3044 | 896c 2438 
  0x00007efbdcfd9e28: 8954 243c 

  0x00007efbdcfd9e2c: ;   {runtime_call UncommonTrapBlob}
  0x00007efbdcfd9e2c: c5f8 77e8 

  0x00007efbdcfd9e30: ; ImmutableOopMap {rbp=Oop [4]=NarrowOop [32]=NarrowOop [48]=Oop [56]=NarrowOop [64]=NarrowOop [76]=NarrowOop [88]=Oop }
                      ;*aastore {reexecute=1 rethrow=0 return_oop=0}
                      ; - (reexecute) org.eclipse.jdt.internal.compiler.util.HashtableOfObject::putUnsafely@46 (line 136)
                      ; - org.eclipse.jdt.internal.core.index.DiskIndex::copyQueryResults@144 (line 391)
  0x00007efbdcfd9e30: cc04 5bff 

  0x00007efbdcfd9e34: ;   {other}
  0x00007efbdcfd9e34: 0f1f 8400 | a422 0017 | bee4 ffff | ff48 8b2c | 2444 8b5c | 2438 4489 | 1c24 448b | 5424 0c44 
  0x00007efbdcfd9e54: 8954 2404 | 448b 5c24 | 1044 895c | 2408 448b | 5424 1444 | 8954 240c | 448b 5c24 | 3c44 895c 
  0x00007efbdcfd9e74: 2418 448b | 5c24 2844 | 895c 241c | 448b 5424 | 2c44 8954 | 2420 4489 | 4424 2489 | 5424 304c 
  0x00007efbdcfd9e94: 894c 2438 

  0x00007efbdcfd9e98: ;   {runtime_call UncommonTrapBlob}
  0x00007efbdcfd9e98: c5f8 77e8 

  0x00007efbdcfd9e9c: ; ImmutableOopMap {rbp=Oop [4]=NarrowOop [32]=NarrowOop [36]=NarrowOop [56]=Oop [76]=NarrowOop [88]=Oop }
                      ;*aastore {reexecute=1 rethrow=0 return_oop=0}
                      ; - (reexecute) org.eclipse.jdt.internal.compiler.util.HashtableOfObject::putUnsafely@54 (line 137)
                      ; - org.eclipse.jdt.internal.core.index.DiskIndex::copyQueryResults@144 (line 391)
  0x00007efbdcfd9e9c: 6004 5bff 

  0x00007efbdcfd9ea0: ;   {other}
  0x00007efbdcfd9ea0: 0f1f 8400 | 1023 0018 | bed6 ffff | ff48 8b2c | 2444 8b5c | 2438 4489 | 1c24 448b | 5424 0c44 
  0x00007efbdcfd9ec0: 8954 2404 | 448b 5c24 | 1044 895c | 2408 448b | 5424 1444 | 8954 240c | 448b 5c24 | 3c44 895c 
  0x00007efbdcfd9ee0: 2418 448b | 5424 2844 | 8954 241c | 448b 5c24 | 2c44 895c | 2420 4489 | 4424 2489 | 5424 304c 
  0x00007efbdcfd9f00: 894c 2438 

  0x00007efbdcfd9f04: ;   {runtime_call UncommonTrapBlob}
  0x00007efbdcfd9f04: c5f8 77e8 

  0x00007efbdcfd9f08: ; ImmutableOopMap {rbp=Oop [4]=NarrowOop [32]=NarrowOop [36]=NarrowOop [56]=Oop [76]=NarrowOop [88]=Oop }
                      ;*aastore {reexecute=1 rethrow=0 return_oop=0}
                      ; - (reexecute) org.eclipse.jdt.internal.compiler.util.HashtableOfObject::putUnsafely@54 (line 137)
                      ; - org.eclipse.jdt.internal.core.index.DiskIndex::copyQueryResults@144 (line 391)
  0x00007efbdcfd9f08: f403 5bff 

  0x00007efbdcfd9f0c: ;   {other}
  0x00007efbdcfd9f0c: 0f1f 8400 | 7c23 0019 | bee4 ffff | ff44 8b54 | 2438 4489 | 5424 0844 | 8b5c 2440 | 448b 5424 
  0x00007efbdcfd9f2c: 3c44 8954 | 2424 4489 | 5c24 3844 | 896c 2440 | 8954 2444 

  0x00007efbdcfd9f40: ;   {runtime_call UncommonTrapBlob}
  0x00007efbdcfd9f40: c5f8 77e8 

  0x00007efbdcfd9f44: ; ImmutableOopMap {[0]=Oop [12]=NarrowOop [44]=NarrowOop [56]=NarrowOop [64]=NarrowOop [76]=NarrowOop [88]=Oop }
                      ;*aaload {reexecute=0 rethrow=0 return_oop=0}
                      ; - org.eclipse.jdt.internal.compiler.util.HashtableOfObject::get@47 (line 86)
                      ; - org.eclipse.jdt.internal.core.index.DiskIndex::copyQueryResults@123 (line 389)
  0x00007efbdcfd9f44: b803 5bff 

  0x00007efbdcfd9f48: ;   {other}
  0x00007efbdcfd9f48: 0f1f 8400 | b823 001a | bee4 ffff | ff44 8b54 | 2428 4489 | 5424 2444 | 8b5c 242c | 4489 5c24 
  0x00007efbdcfd9f68: 2866 6690 

  0x00007efbdcfd9f6c: ;   {runtime_call UncommonTrapBlob}
  0x00007efbdcfd9f6c: c5f8 77e8 

  0x00007efbdcfd9f70: ; ImmutableOopMap {rbp=NarrowOop [0]=Oop [12]=NarrowOop [40]=NarrowOop [76]=NarrowOop [88]=Oop }
                      ;*iastore {reexecute=0 rethrow=0 return_oop=0}
                      ; - org.eclipse.jdt.internal.core.index.DiskIndex$IntList::add@65 (line 94)
                      ; - org.eclipse.jdt.internal.core.index.DiskIndex::copyQueryResults@164 (line 393)
  0x00007efbdcfd9f70: 8c03 5bff 

  0x00007efbdcfd9f74: ;   {other}
  0x00007efbdcfd9f74: 0f1f 8400 | e423 001b | bee4 ffff | ff44 8b5c | 2438 4489 | 5c24 0844 | 8b5c 243c | 4489 5c24 
  0x00007efbdcfd9f94: 2044 8b5c | 2428 4489 | 5c24 2444 | 8b54 242c | 4489 5424 | 2844 8b5c | 2440 4489 | 5c24 2c4c 
  0x00007efbdcfd9fb4: 894c 2438 | 4489 6c24 | 4489 5424 | 4866 6690 

  0x00007efbdcfd9fc4: ;   {runtime_call UncommonTrapBlob}
  0x00007efbdcfd9fc4: c5f8 77e8 

  0x00007efbdcfd9fc8: ; ImmutableOopMap {[0]=Oop [12]=NarrowOop [40]=NarrowOop [44]=NarrowOop [56]=Oop [68]=NarrowOop [76]=NarrowOop [88]=Oop }
                      ;*aaload {reexecute=0 rethrow=0 return_oop=0}
                      ; - org.eclipse.jdt.internal.compiler.util.HashtableOfObject::putUnsafely@35 (line 131)
                      ; - org.eclipse.jdt.internal.core.index.DiskIndex::copyQueryResults@144 (line 391)
  0x00007efbdcfd9fc8: 3403 5bff 

  0x00007efbdcfd9fcc: ;   {other}
  0x00007efbdcfd9fcc: 0f1f 8400 | 3c24 001c | bee4 ffff | ff48 8b2c | 2444 8b54 | 240c 4489 | 5424 0444 | 8b5c 2410 
  0x00007efbdcfd9fec: 4489 5c24 | 0844 8b54 | 2414 4489 | 5424 0c44 | 8b5c 2428 | 4489 5c24 | 144c 8b54 | 2430 4c89 
  0x00007efbdcfda00c: 5424 2044 | 8b54 242c | 4489 5424 | 1c44 894c | 2428 4489 | 6c24 3089 | 5424 3490 

  0x00007efbdcfda028: ;   {runtime_call UncommonTrapBlob}
  0x00007efbdcfda028: c5f8 77e8 

  0x00007efbdcfda02c: ; ImmutableOopMap {rbp=Oop [4]=NarrowOop [20]=NarrowOop [28]=NarrowOop [32]=Oop [48]=NarrowOop [76]=NarrowOop }
                      ;*aaload {reexecute=0 rethrow=0 return_oop=0}
                      ; - org.eclipse.jdt.internal.compiler.util.HashtableOfObject::get@47 (line 86)
                      ; - org.eclipse.jdt.internal.core.index.DiskIndex::copyQueryResults@48 (line 382)
  0x00007efbdcfda02c: d002 5bff 

  0x00007efbdcfda030: ;   {other}
  0x00007efbdcfda030: 0f1f 8400 | a024 001d | bee4 ffff | ff48 8b2c | 2444 8944 | 2404 4489 | 5424 0c44 | 894c 2410 
  0x00007efbdcfda050: 895c 2414 | 4489 5c24 | 1c66 6690 

  0x00007efbdcfda05c: ;   {runtime_call UncommonTrapBlob}
  0x00007efbdcfda05c: c5f8 77e8 

  0x00007efbdcfda060: ; ImmutableOopMap {rbp=Oop [4]=NarrowOop [16]=NarrowOop [28]=NarrowOop }
                      ;*aaload {reexecute=0 rethrow=0 return_oop=0}
                      ; - org.eclipse.jdt.internal.core.index.DiskIndex::copyQueryResults@36 (line 381)
  0x00007efbdcfda060: 9c02 5bff 

  0x00007efbdcfda064: ;   {other}
  0x00007efbdcfda064: 0f1f 8400 | d424 001e | be86 ffff | ff8b e890 

  0x00007efbdcfda074: ;   {runtime_call UncommonTrapBlob}
  0x00007efbdcfda074: c5f8 77e8 

  0x00007efbdcfda078: ; ImmutableOopMap {}
                      ;*irem {reexecute=0 rethrow=0 return_oop=0}
                      ; - org.eclipse.jdt.internal.compiler.util.HashtableOfObject::get@11 (line 84)
                      ; - org.eclipse.jdt.internal.core.index.DiskIndex::copyQueryResults@48 (line 382)
  0x00007efbdcfda078: 8402 5bff 

  0x00007efbdcfda07c: ;   {other}
  0x00007efbdcfda07c: 0f1f 8400 | ec24 001f | be76 ffff | ff48 8b2c | 2444 8b44 | 240c 4489 | 4424 0444 | 8b4c 2410 
  0x00007efbdcfda09c: 4489 4c24 | 0844 8b44 | 2414 4489 | 4424 0c44 | 895c 241c | 4489 5424 | 2066 6690 

  0x00007efbdcfda0b8: ;   {runtime_call UncommonTrapBlob}
  0x00007efbdcfda0b8: c5f8 77e8 

  0x00007efbdcfda0bc: ; ImmutableOopMap {rbp=Oop [4]=NarrowOop [28]=NarrowOop [76]=NarrowOop [88]=Oop }
                      ;*if_icmplt {reexecute=1 rethrow=0 return_oop=0}
                      ; - (reexecute) org.eclipse.jdt.internal.core.index.DiskIndex::copyQueryResults@207 (line 387)
  0x00007efbdcfda0bc: 4002 5bff 

  0x00007efbdcfda0c0: ;   {other}
  0x00007efbdcfda0c0: 0f1f 8400 | 3025 0020 | bee4 ffff | ff44 8b5c | 2428 4489 | 5c24 1889 | 5424 2890 

  0x00007efbdcfda0dc: ;   {runtime_call UncommonTrapBlob}
  0x00007efbdcfda0dc: c5f8 77e8 

  0x00007efbdcfda0e0: ; ImmutableOopMap {rbp=NarrowOop [0]=Oop [12]=NarrowOop [24]=NarrowOop [48]=Oop [76]=NarrowOop }
                      ;*aaload {reexecute=0 rethrow=0 return_oop=0}
                      ; - org.eclipse.jdt.internal.compiler.util.HashtableOfObject::get@30 (line 88)
                      ; - org.eclipse.jdt.internal.core.index.DiskIndex::copyQueryResults@48 (line 382)
  0x00007efbdcfda0e0: 1c02 5bff 

  0x00007efbdcfda0e4: ;   {other}
  0x00007efbdcfda0e4: 0f1f 8400 | 5425 0021 | 4d63 d8e9 | dcef ffff | 448b 4424 | 48eb 0544 | 8b44 2448 | becc ffff 
  0x00007efbdcfda104: ff44 8b54 | 243c 4489 | 5424 2044 | 8b5c 2428 | 4489 5c24 | 2444 8b54 | 242c 4489 | 5424 284c 
  0x00007efbdcfda124: 8b54 2440 | 4c89 5424 | 3044 8b5c | 2438 4489 | 5c24 2c4c | 894c 2440 | 4489 4424 | 3c66 6690 
  0x00007efbdcfda144: ;   {runtime_call UncommonTrapBlob}
  0x00007efbdcfda144: c5f8 77e8 

  0x00007efbdcfda148: ; ImmutableOopMap {rbp=NarrowOop [0]=Oop [12]=NarrowOop [40]=NarrowOop [48]=Oop [64]=Oop [76]=NarrowOop [88]=Oop }
                      ;*invokestatic arraycopy {reexecute=0 rethrow=0 return_oop=0}
                      ; - org.eclipse.jdt.internal.core.index.DiskIndex$IntList::add@46 (line 92)
                      ; - org.eclipse.jdt.internal.core.index.DiskIndex::copyQueryResults@164 (line 393)
  0x00007efbdcfda148: b401 5bff 

  0x00007efbdcfda14c: ;   {other}
  0x00007efbdcfda14c: 0f1f 8400 | bc25 0022 | bee4 ffff | ff48 8b2c | 2444 8b54 | 240c 4489 | 5424 0444 | 8b5c 2410 
  0x00007efbdcfda16c: 4489 5c24 | 0844 8b54 | 2414 4489 | 5424 0c44 | 8b5c 2428 | 4489 5c24 | 144c 8b54 | 2430 4c89 
  0x00007efbdcfda18c: 5424 2044 | 8b54 242c | 4489 5424 | 1c44 894c | 2428 4489 | 6c24 3089 | 5424 3490 

  0x00007efbdcfda1a8: ;   {runtime_call UncommonTrapBlob}
  0x00007efbdcfda1a8: c5f8 77e8 

  0x00007efbdcfda1ac: ; ImmutableOopMap {rbp=Oop [4]=NarrowOop [20]=NarrowOop [28]=NarrowOop [32]=Oop [48]=NarrowOop [76]=NarrowOop }
                      ;*aaload {reexecute=0 rethrow=0 return_oop=0}
                      ; - org.eclipse.jdt.internal.compiler.util.HashtableOfObject::get@47 (line 86)
                      ; - org.eclipse.jdt.internal.core.index.DiskIndex::copyQueryResults@48 (line 382)
  0x00007efbdcfda1ac: 5001 5bff 

  0x00007efbdcfda1b0: ;   {other}
  0x00007efbdcfda1b0: 0f1f 8400 | 2026 0023 | bee4 ffff | ff48 8b2c | 2444 8b5c | 2438 4489 | 1c24 448b | 5424 0c44 
  0x00007efbdcfda1d0: 8954 2404 | 448b 5c24 | 1044 895c | 2408 448b | 5424 1444 | 8954 240c | 448b 5c24 | 3c44 895c 
  0x00007efbdcfda1f0: 2418 448b | 5424 2844 | 8954 241c | 448b 5424 | 2c44 8954 | 2420 448b | 5c24 4044 | 895c 2424 
  0x00007efbdcfda210: 4489 4c24 | 3444 8944 | 2444 8954 | 2448 6690 

  0x00007efbdcfda220: ;   {runtime_call UncommonTrapBlob}
  0x00007efbdcfda220: c5f8 77e8 

  0x00007efbdcfda224: ; ImmutableOopMap {rbp=Oop [4]=NarrowOop [32]=NarrowOop [36]=NarrowOop [68]=NarrowOop [76]=NarrowOop [88]=Oop [112]=Oop }
                      ;*aaload {reexecute=0 rethrow=0 return_oop=0}
                      ; - org.eclipse.jdt.internal.compiler.util.HashtableOfObject::put@54 (line 101)
                      ; - org.eclipse.jdt.internal.core.index.DiskIndex::copyQueryResults@196 (line 397)
  0x00007efbdcfda224: d800 5bff 

  0x00007efbdcfda228: ;   {other}
  0x00007efbdcfda228: 0f1f 8400 | 9826 0024 | 4d63 c2e9 | 08f1 ffff | bee4 ffff | ff44 8b44 | 2440 4489 | 4424 2044 
  0x00007efbdcfda248: 8b5c 243c | 4489 5c24 | 2444 8b5c | 2438 4489 | 5c24 3044 | 8954 2440 

  0x00007efbdcfda260: ;   {runtime_call UncommonTrapBlob}
  0x00007efbdcfda260: c5f8 77e8 

  0x00007efbdcfda264: ; ImmutableOopMap {rbp=NarrowOop [0]=Oop [12]=NarrowOop [32]=NarrowOop [44]=NarrowOop [76]=NarrowOop [88]=Oop [112]=Oop }
                      ;*iastore {reexecute=0 rethrow=0 return_oop=0}
                      ; - org.eclipse.jdt.internal.core.index.DiskIndex$IntList::add@65 (line 94)
                      ; - org.eclipse.jdt.internal.core.index.DiskIndex::copyQueryResults@187 (line 396)
  0x00007efbdcfda264: 9800 5bff 

  0x00007efbdcfda268: ;   {other}
  0x00007efbdcfda268: 0f1f 8400 | d826 0025 | bee4 ffff | ff48 8b2c | 2444 8b5c | 2438 4489 | 1c24 448b | 5424 0c44 
  0x00007efbdcfda288: 8954 2404 | 448b 5c24 | 1044 895c | 2408 448b | 5424 1444 | 8954 240c | 448b 5c24 | 3c44 895c 
  0x00007efbdcfda2a8: 2418 448b | 5424 2844 | 8954 241c | 448b 5424 | 2c44 8954 | 2420 448b | 5c24 4044 | 895c 2424 
  0x00007efbdcfda2c8: 4489 4424 | 4089 5424 | 4466 6690 

  0x00007efbdcfda2d4: ;   {runtime_call UncommonTrapBlob}
  0x00007efbdcfda2d4: c5f8 77e8 

  0x00007efbdcfda2d8: ; ImmutableOopMap {rbp=Oop [4]=NarrowOop [32]=NarrowOop [36]=NarrowOop [64]=NarrowOop [76]=NarrowOop [88]=Oop [112]=Oop }
                      ;*aastore {reexecute=1 rethrow=0 return_oop=0}
                      ; - (reexecute) org.eclipse.jdt.internal.compiler.util.HashtableOfObject::put@68 (line 109)
                      ; - org.eclipse.jdt.internal.core.index.DiskIndex::copyQueryResults@196 (line 397)
  0x00007efbdcfda2d8: 2400 5bff 

  0x00007efbdcfda2dc: ;   {other}
  0x00007efbdcfda2dc: 0f1f 8400 | 4c27 0026 | bee4 ffff | ff44 8b5c | 2438 4489 | 5c24 0844 | 8b54 243c | 4489 5424 
  0x00007efbdcfda2fc: 2044 8b5c | 2428 4489 | 5c24 2444 | 8b5c 242c | 4489 5c24 | 2844 8b5c | 244c 4489 | 5c24 2c4c 
  0x00007efbdcfda31c: 8b54 2470 | 8954 2440 | 4c89 5424 | 4866 6690 

  0x00007efbdcfda32c: ;   {runtime_call UncommonTrapBlob}
  0x00007efbdcfda32c: c5f8 77e8 

  0x00007efbdcfda330: ; ImmutableOopMap {rbp=NarrowOop [0]=Oop [12]=NarrowOop [40]=NarrowOop [44]=NarrowOop [72]=Oop [88]=Oop [112]=Oop }
                      ;*aastore {reexecute=1 rethrow=0 return_oop=0}
                      ; - (reexecute) org.eclipse.jdt.internal.compiler.util.HashtableOfObject::put@76 (line 110)
                      ; - org.eclipse.jdt.internal.core.index.DiskIndex::copyQueryResults@196 (line 397)
  0x00007efbdcfda330: ccff 5aff 

  0x00007efbdcfda334: ;   {other}
  0x00007efbdcfda334: 0f1f 8400 | a427 0027 | becc ffff | ff48 8b2c | 2444 8b54 | 240c 4489 | 5424 0444 | 8b44 2410 
  0x00007efbdcfda354: 4489 4424 | 0844 8b54 | 2414 4489 | 5424 0c44 | 8b54 2440 | 4489 5424 | 1844 8b54 | 243c 4489 
  0x00007efbdcfda374: 5424 1c44 | 8b54 2428 | 4489 5424 | 2044 8b44 | 242c 4489 | 4424 2444 | 8b54 2438 | 4489 5424 
  0x00007efbdcfda394: 2844 8b44 | 244c 4489 | 4424 2c4c | 894c 2448 | 4c89 5c24 | 5066 6690 

  0x00007efbdcfda3ac: ;   {runtime_call UncommonTrapBlob}
  0x00007efbdcfda3ac: c5f8 77e8 

  0x00007efbdcfda3b0: ; ImmutableOopMap {rbp=Oop [4]=NarrowOop [24]=NarrowOop [36]=NarrowOop [44]=NarrowOop [72]=Oop [80]=Oop [88]=Oop [104]=Oop [112]=Oop }
                      ;*invokestatic arraycopy {reexecute=0 rethrow=0 return_oop=0}
                      ; - org.eclipse.jdt.internal.core.index.DiskIndex$IntList::add@46 (line 92)
                      ; - org.eclipse.jdt.internal.core.index.DiskIndex::copyQueryResults@187 (line 396)
  0x00007efbdcfda3b0: 4cff 5aff 

  0x00007efbdcfda3b4: ;   {other}
  0x00007efbdcfda3b4: 0f1f 8400 | 2428 0028 | be86 ffff | ff8b eb90 

  0x00007efbdcfda3c4: ;   {runtime_call UncommonTrapBlob}
  0x00007efbdcfda3c4: c5f8 77e8 

  0x00007efbdcfda3c8: ; ImmutableOopMap {}
                      ;*irem {reexecute=0 rethrow=0 return_oop=0}
                      ; - org.eclipse.jdt.internal.compiler.util.HashtableOfObject::put@11 (line 99)
                      ; - org.eclipse.jdt.internal.core.index.DiskIndex::copyQueryResults@196 (line 397)
  0x00007efbdcfda3c8: 34ff 5aff 

  0x00007efbdcfda3cc: ;   {other}
  0x00007efbdcfda3cc: 0f1f 8400 | 3c28 0029 | bed6 ffff | ff44 8b54 | 2438 4489 | 5424 0844 | 8b5c 243c | 4489 5c24 
  0x00007efbdcfda3ec: 2044 8b54 | 2428 4489 | 5424 2444 | 8b54 242c | 4489 5424 | 2844 8b54 | 244c 4489 | 5424 2c4c 
  0x00007efbdcfda40c: 8b54 2470 | 8954 2440 | 4c89 5424 | 4866 6690 

  0x00007efbdcfda41c: ;   {runtime_call UncommonTrapBlob}
  0x00007efbdcfda41c: c5f8 77e8 

  0x00007efbdcfda420: ; ImmutableOopMap {rbp=NarrowOop [0]=Oop [12]=NarrowOop [40]=NarrowOop [44]=NarrowOop [72]=Oop [88]=Oop [112]=Oop }
                      ;*aastore {reexecute=1 rethrow=0 return_oop=0}
                      ; - (reexecute) org.eclipse.jdt.internal.compiler.util.HashtableOfObject::put@76 (line 110)
                      ; - org.eclipse.jdt.internal.core.index.DiskIndex::copyQueryResults@196 (line 397)
  0x00007efbdcfda420: dcfe 5aff 

  0x00007efbdcfda424: ;   {other}
  0x00007efbdcfda424: 0f1f 8400 | 9428 002a | 4d63 d3e9 | ace1 ffff | bee4 ffff | ff48 8b2c | 2444 8b5c | 2438 4489 
  0x00007efbdcfda444: 1c24 448b | 5424 0c44 | 8954 2404 | 448b 5c24 | 1044 895c | 2408 448b | 5424 1444 | 8954 240c 
  0x00007efbdcfda464: 448b 5c24 | 3c44 895c | 2418 448b | 5c24 2844 | 895c 241c | 448b 5c24 | 2c44 895c | 2420 448b 
  0x00007efbdcfda484: 5424 4044 | 8954 2424 | 4489 4c24 | 3444 8944 | 2444 8954 | 2448 6690 

  0x00007efbdcfda49c: ;   {runtime_call UncommonTrapBlob}
  0x00007efbdcfda49c: c5f8 77e8 

  0x00007efbdcfda4a0: ; ImmutableOopMap {rbp=Oop [4]=NarrowOop [32]=NarrowOop [36]=NarrowOop [68]=NarrowOop [76]=NarrowOop [88]=Oop [112]=Oop }
                      ;*aaload {reexecute=0 rethrow=0 return_oop=0}
                      ; - org.eclipse.jdt.internal.compiler.util.HashtableOfObject::put@54 (line 101)
                      ; - org.eclipse.jdt.internal.core.index.DiskIndex::copyQueryResults@196 (line 397)
  0x00007efbdcfda4a0: 5cfe 5aff 

  0x00007efbdcfda4a4: ;   {other}
  0x00007efbdcfda4a4: 0f1f 8400 | 1429 002b | be45 ffff | ff44 8b54 | 2428 4489 | 5424 184c | 8944 2420 | 4889 4424 
  0x00007efbdcfda4c4: 3066 6690 

  0x00007efbdcfda4c8: ;   {runtime_call UncommonTrapBlob}
  0x00007efbdcfda4c8: c5f8 77e8 

  0x00007efbdcfda4cc: ; ImmutableOopMap {[0]=Oop [12]=NarrowOop [24]=NarrowOop [32]=Oop [44]=NarrowOop [48]=Oop [76]=NarrowOop }
                      ;*ifge {reexecute=1 rethrow=0 return_oop=0}
                      ; - (reexecute) org.eclipse.jdt.internal.compiler.util.HashtableOfObject::<init>@5 (line 44)
                      ; - org.eclipse.jdt.internal.core.index.DiskIndex::copyQueryResults@76 (line 384)
  0x00007efbdcfda4cc: 30fe 5aff 

  0x00007efbdcfda4d0: ;   {other}
  0x00007efbdcfda4d0: 0f1f 8400 | 4029 002c | be3d ffff | ff44 8b54 | 2438 4489 | 5424 0844 | 8b44 2428 | 4489 4424 
  0x00007efbdcfda4f0: 184c 8b54 | 2430 4c89 | 5424 2044 | 8b54 242c | 4489 5424 | 2848 8944 | 2438 4489 | 5c24 4090 
  0x00007efbdcfda510: ;   {runtime_call UncommonTrapBlob}
  0x00007efbdcfda510: c5f8 77e8 

  0x00007efbdcfda514: ; ImmutableOopMap {[0]=Oop [12]=NarrowOop [24]=NarrowOop [32]=Oop [40]=NarrowOop [56]=Oop [76]=NarrowOop [88]=Oop }
                      ;*if_icmplt {reexecute=1 rethrow=0 return_oop=0}
                      ; - (reexecute) org.eclipse.jdt.internal.compiler.util.HashtableOfObject::<init>@47 (line 53)
                      ; - org.eclipse.jdt.internal.core.index.DiskIndex::copyQueryResults@76 (line 384)
  0x00007efbdcfda514: e8fd 5aff 

  0x00007efbdcfda518: ;   {other}
  0x00007efbdcfda518: 0f1f 8400 | 8829 002d | be76 ffff | ff48 8b2c | 2444 8944 | 2404 4489 | 5424 0c44 | 895c 2410 
  0x00007efbdcfda538: ;   {runtime_call UncommonTrapBlob}
  0x00007efbdcfda538: c5f8 77e8 

  0x00007efbdcfda53c: ; ImmutableOopMap {rbp=Oop [4]=NarrowOop [16]=NarrowOop }
                      ;*if_icmplt {reexecute=1 rethrow=0 return_oop=0}
                      ; - (reexecute) org.eclipse.jdt.internal.core.index.DiskIndex::copyQueryResults@217 (line 378)
  0x00007efbdcfda53c: c0fd 5aff 

  0x00007efbdcfda540: ;   {other}
  0x00007efbdcfda540: 0f1f 8400 | b029 002e | bee4 ffff | ff44 8b5c | 2438 4489 | 5c24 0889 | 5c24 2444 | 894c 2438 
  0x00007efbdcfda560: 4489 4c24 | 3c66 6690 

  0x00007efbdcfda568: ;   {runtime_call UncommonTrapBlob}
  0x00007efbdcfda568: c5f8 77e8 

  0x00007efbdcfda56c: ; ImmutableOopMap {[0]=Oop [12]=NarrowOop [44]=NarrowOop [56]=NarrowOop [60]=NarrowOop [76]=NarrowOop [88]=Oop }
                      ;*caload {reexecute=0 rethrow=0 return_oop=0}
                      ; - java.util.Arrays::hashCode@44
                      ; - org.eclipse.jdt.core.compiler.CharOperation::hashCode@1 (line 2489)
                      ; - org.eclipse.jdt.internal.compiler.util.HashtableOfObject::get@7 (line 84)
                      ; - org.eclipse.jdt.internal.core.index.DiskIndex::copyQueryResults@123 (line 389)
  0x00007efbdcfda56c: 90fd 5aff 

  0x00007efbdcfda570: ;   {other}
  0x00007efbdcfda570: 0f1f 8400 | e029 002f | bee4 ffff | ff44 8b54 | 2438 4489 | 5424 0844 | 8b5c 243c | 4489 5c24 
  0x00007efbdcfda590: 2044 8b54 | 2428 4489 | 5424 2444 | 8b5c 242c | 4489 5c24 | 284c 894c | 2438 6690 

  0x00007efbdcfda5ac: ;   {runtime_call UncommonTrapBlob}
  0x00007efbdcfda5ac: c5f8 77e8 

  0x00007efbdcfda5b0: ; ImmutableOopMap {[0]=Oop [12]=NarrowOop [40]=NarrowOop [56]=Oop [64]=NarrowOop [76]=NarrowOop [88]=Oop }
                      ;*caload {reexecute=0 rethrow=0 return_oop=0}
                      ; - java.util.Arrays::hashCode@44
                      ; - org.eclipse.jdt.core.compiler.CharOperation::hashCode@1 (line 2489)
                      ; - org.eclipse.jdt.internal.compiler.util.HashtableOfObject::putUnsafely@7 (line 130)
                      ; - org.eclipse.jdt.internal.core.index.DiskIndex::copyQueryResults@144 (line 391)
  0x00007efbdcfda5b0: 4cfd 5aff 

  0x00007efbdcfda5b4: ;   {other}
  0x00007efbdcfda5b4: 0f1f 8400 | 242a 0030 | bee4 ffff | ff48 8b2c | 2444 8944 | 2404 895c | 2408 448b | 5c24 1444 
  0x00007efbdcfda5d4: 895c 240c | 4489 4c24 | 1444 894c | 2418 448b | 5c24 2c44 | 895c 2428 | c57a 116c | 242c 6690 
  0x00007efbdcfda5f4: ;   {runtime_call UncommonTrapBlob}
  0x00007efbdcfda5f4: c5f8 77e8 

  0x00007efbdcfda5f8: ; ImmutableOopMap {rbp=Oop [4]=NarrowOop [20]=NarrowOop [24]=NarrowOop [40]=NarrowOop [48]=Oop [76]=NarrowOop }
                      ;*caload {reexecute=0 rethrow=0 return_oop=0}
                      ; - java.util.Arrays::hashCode@44
                      ; - org.eclipse.jdt.core.compiler.CharOperation::hashCode@1 (line 2489)
                      ; - org.eclipse.jdt.internal.compiler.util.HashtableOfObject::get@7 (line 84)
                      ; - org.eclipse.jdt.internal.core.index.DiskIndex::copyQueryResults@48 (line 382)
  0x00007efbdcfda5f8: 04fd 5aff 

  0x00007efbdcfda5fc: ;   {other}
  0x00007efbdcfda5fc: 0f1f 8400 | 6c2a 0031 | bee4 ffff | ff48 8b2c | 2444 8b5c | 2438 4489 | 1c24 448b | 5424 0c44 
  0x00007efbdcfda61c: 8954 2404 | 448b 5c24 | 1044 895c | 2408 448b | 5424 1444 | 8954 240c | 448b 5c24 | 3c44 895c 
  0x00007efbdcfda63c: 2418 448b | 5424 2844 | 8954 241c | 448b 5c24 | 2c44 895c | 2420 448b | 5424 4044 | 8954 2430 
  0x00007efbdcfda65c: 4489 4c24 | 4066 6690 

  0x00007efbdcfda664: ;   {runtime_call UncommonTrapBlob}
  0x00007efbdcfda664: c5f8 77e8 

  0x00007efbdcfda668: ; ImmutableOopMap {rbp=Oop [4]=NarrowOop [32]=NarrowOop [48]=NarrowOop [76]=NarrowOop [88]=Oop [112]=Oop }
                      ;*caload {reexecute=0 rethrow=0 return_oop=0}
                      ; - java.util.Arrays::hashCode@44
                      ; - org.eclipse.jdt.core.compiler.CharOperation::hashCode@1 (line 2489)
                      ; - org.eclipse.jdt.internal.compiler.util.HashtableOfObject::put@7 (line 99)
                      ; - org.eclipse.jdt.internal.core.index.DiskIndex::copyQueryResults@196 (line 397)
  0x00007efbdcfda668: 94fc 5aff 

  0x00007efbdcfda66c: ;   {other}
  0x00007efbdcfda66c: 0f1f 8400 | dc2a 0032 | bee4 ffff | ff44 8b5c | 2438 4489 | 5c24 0844 | 8b5c 2428 | 4489 5c24 
  0x00007efbdcfda68c: 2444 8b5c | 242c 4489 | 5c24 284c | 8b54 2470 | 8954 2438 | 4c89 5424 | 4066 6690 

  0x00007efbdcfda6a8: ;   {runtime_call UncommonTrapBlob}
  0x00007efbdcfda6a8: c5f8 77e8 

  0x00007efbdcfda6ac: ; ImmutableOopMap {rbp=NarrowOop [0]=Oop [12]=NarrowOop [40]=NarrowOop [64]=Oop [76]=NarrowOop [88]=Oop [112]=Oop }
                      ;*aastore {reexecute=1 rethrow=0 return_oop=0}
                      ; - (reexecute) org.eclipse.jdt.internal.compiler.util.HashtableOfObject::put@34 (line 103)
                      ; - org.eclipse.jdt.internal.core.index.DiskIndex::copyQueryResults@196 (line 397)
  0x00007efbdcfda6ac: 50fc 5aff 

  0x00007efbdcfda6b0: ;   {other}
  0x00007efbdcfda6b0: 0f1f 8400 | 202b 0033 | bed6 ffff | ff44 8b54 | 2438 4489 | 5424 0844 | 8b54 2428 | 4489 5424 
  0x00007efbdcfda6d0: 2444 8b54 | 242c 4489 | 5424 284c | 8b54 2470 | 8954 2438 | 4c89 5424 | 4066 6690 

  0x00007efbdcfda6ec: ;   {runtime_call UncommonTrapBlob}
  0x00007efbdcfda6ec: c5f8 77e8 

  0x00007efbdcfda6f0: ; ImmutableOopMap {rbp=NarrowOop [0]=Oop [12]=NarrowOop [40]=NarrowOop [64]=Oop [76]=NarrowOop [88]=Oop [112]=Oop }
                      ;*aastore {reexecute=1 rethrow=0 return_oop=0}
                      ; - (reexecute) org.eclipse.jdt.internal.compiler.util.HashtableOfObject::put@34 (line 103)
                      ; - org.eclipse.jdt.internal.core.index.DiskIndex::copyQueryResults@196 (line 397)
  0x00007efbdcfda6f0: 0cfc 5aff 

  0x00007efbdcfda6f4: ;   {other}
  0x00007efbdcfda6f4: 0f1f 8400 | 642b 0034 | bede ffff | ff48 8b2c | 2444 8944 | 2404 895c | 2408 4489 | 5424 0c44 
  0x00007efbdcfda714: 894c 2410 | 4489 5c24 | 1489 4c24 | 1866 6690 

  0x00007efbdcfda724: ;   {runtime_call UncommonTrapBlob}
  0x00007efbdcfda724: c5f8 77e8 

  0x00007efbdcfda728: ; ImmutableOopMap {rbp=Oop [4]=NarrowOop [16]=NarrowOop [20]=NarrowOop [24]=NarrowOop }
                      ;*checkcast {reexecute=0 rethrow=0 return_oop=0}
                      ; - org.eclipse.jdt.internal.core.index.DiskIndex::copyQueryResults@37 (line 381)
  0x00007efbdcfda728: d4fb 5aff 

  0x00007efbdcfda72c: ;   {other}
  0x00007efbdcfda72c: 0f1f 8400 | 9c2b 0035 | bede ffff | ff48 8b2c | 2444 8b5c | 2438 4489 | 1c24 448b | 5424 0c44 
  0x00007efbdcfda74c: 8954 2404 | 448b 5c24 | 1044 895c | 2408 448b | 5424 1444 | 8954 240c | 448b 5424 | 3c44 8954 
  0x00007efbdcfda76c: 241c 448b | 5c24 2844 | 895c 2420 | 448b 5424 | 2c44 8954 | 2424 4c8b | 5424 704c | 8954 2438 
  0x00007efbdcfda78c: ;   {runtime_call UncommonTrapBlob}
  0x00007efbdcfda78c: c5f8 77e8 

  0x00007efbdcfda790: ; ImmutableOopMap {rbp=Oop [4]=NarrowOop [36]=NarrowOop [56]=Oop [64]=NarrowOop [68]=NarrowOop [76]=NarrowOop [88]=Oop [112]=Oop }
                      ;*checkcast {reexecute=0 rethrow=0 return_oop=0}
                      ; - org.eclipse.jdt.internal.core.index.DiskIndex::copyQueryResults@176 (line 395)
  0x00007efbdcfda790: 6cfb 5aff 

  0x00007efbdcfda794: ;   {other}
  0x00007efbdcfda794: 0f1f 8400 | 042c 0036 | bede ffff | ff66 6690 

  0x00007efbdcfda7a4: ;   {runtime_call UncommonTrapBlob}
  0x00007efbdcfda7a4: c5f8 77e8 

  0x00007efbdcfda7a8: ; ImmutableOopMap {rbp=NarrowOop [0]=Oop [12]=NarrowOop [40]=NarrowOop [48]=Oop [76]=NarrowOop }
                      ;*checkcast {reexecute=0 rethrow=0 return_oop=0}
                      ; - org.eclipse.jdt.internal.core.index.DiskIndex::copyQueryResults@51 (line 382)
  0x00007efbdcfda7a8: 54fb 5aff 

  0x00007efbdcfda7ac: ;   {other}
  0x00007efbdcfda7ac: 0f1f 8400 | 1c2c 0037 | bef6 ffff | ff66 6690 

  0x00007efbdcfda7bc: ;   {runtime_call UncommonTrapBlob}
  0x00007efbdcfda7bc: c5f8 77e8 

  0x00007efbdcfda7c0: ; ImmutableOopMap {}
                      ;*arraylength {reexecute=0 rethrow=0 return_oop=0}
                      ; - org.eclipse.jdt.internal.compiler.util.HashtableOfObject::get@4 (line 83)
                      ; - org.eclipse.jdt.internal.core.index.DiskIndex::copyQueryResults@123 (line 389)
  0x00007efbdcfda7c0: 3cfb 5aff 

  0x00007efbdcfda7c4: ;   {other}
  0x00007efbdcfda7c4: 0f1f 8400 | 342c 0038 | bef6 ffff | ff8b ea90 

  0x00007efbdcfda7d4: ;   {runtime_call UncommonTrapBlob}
  0x00007efbdcfda7d4: c5f8 77e8 

  0x00007efbdcfda7d8: ; ImmutableOopMap {}
                      ;*aaload {reexecute=0 rethrow=0 return_oop=0}
                      ; - org.eclipse.jdt.internal.compiler.util.HashtableOfObject::get@30 (line 88)
                      ; - org.eclipse.jdt.internal.core.index.DiskIndex::copyQueryResults@123 (line 389)
  0x00007efbdcfda7d8: 24fb 5aff 

  0x00007efbdcfda7dc: ;   {other}
  0x00007efbdcfda7dc: 0f1f 8400 | 4c2c 0039 | bef6 ffff | ff8b ea4c | 890c 2490 

  0x00007efbdcfda7f0: ;   {runtime_call UncommonTrapBlob}
  0x00007efbdcfda7f0: c5f8 77e8 

  0x00007efbdcfda7f4: ; ImmutableOopMap {[0]=Oop }
                      ;*aastore {reexecute=1 rethrow=0 return_oop=0}
                      ; - (reexecute) org.eclipse.jdt.internal.compiler.util.HashtableOfObject::putUnsafely@54 (line 137)
                      ; - org.eclipse.jdt.internal.core.index.DiskIndex::copyQueryResults@144 (line 391)
  0x00007efbdcfda7f4: 08fb 5aff 

  0x00007efbdcfda7f8: ;   {other}
  0x00007efbdcfda7f8: 0f1f 8400 | 682c 003a | bef6 ffff | ff66 6690 

  0x00007efbdcfda808: ;   {runtime_call UncommonTrapBlob}
  0x00007efbdcfda808: c5f8 77e8 

  0x00007efbdcfda80c: ; ImmutableOopMap {}
                      ;*arraylength {reexecute=0 rethrow=0 return_oop=0}
                      ; - org.eclipse.jdt.internal.core.index.DiskIndex$IntList::add@8 (line 89)
                      ; - org.eclipse.jdt.internal.core.index.DiskIndex::copyQueryResults@164 (line 393)
  0x00007efbdcfda80c: f0fa 5aff 

  0x00007efbdcfda810: ;   {other}
  0x00007efbdcfda810: 0f1f 8400 | 802c 003b | bef6 ffff | ff8b eb90 

  0x00007efbdcfda820: ;   {runtime_call UncommonTrapBlob}
  0x00007efbdcfda820: c5f8 77e8 

  0x00007efbdcfda824: ; ImmutableOopMap {}
                      ;*aaload {reexecute=0 rethrow=0 return_oop=0}
                      ; - org.eclipse.jdt.internal.core.index.DiskIndex::copyQueryResults@36 (line 381)
  0x00007efbdcfda824: d8fa 5aff 

  0x00007efbdcfda828: ;   {other}
  0x00007efbdcfda828: 0f1f 8400 | 982c 003c | bef4 ffff | ff48 8b2c | 2444 8944 | 2404 895c | 2408 4489 | 5424 0c44 
  0x00007efbdcfda848: 894c 2410 | 4489 5c24 | 1466 6690 

  0x00007efbdcfda854: ;   {runtime_call UncommonTrapBlob}
  0x00007efbdcfda854: c5f8 77e8 

  0x00007efbdcfda858: ; ImmutableOopMap {rbp=Oop [4]=NarrowOop [16]=NarrowOop [20]=NarrowOop }
                      ;*checkcast {reexecute=0 rethrow=0 return_oop=0}
                      ; - org.eclipse.jdt.internal.core.index.DiskIndex::copyQueryResults@37 (line 381)
  0x00007efbdcfda858: a4fa 5aff 

  0x00007efbdcfda85c: ;   {other}
  0x00007efbdcfda85c: 0f1f 8400 | cc2c 003d | bef6 ffff | ff41 8be9 

  0x00007efbdcfda86c: ;   {runtime_call UncommonTrapBlob}
  0x00007efbdcfda86c: c5f8 77e8 

  0x00007efbdcfda870: ; ImmutableOopMap {rbp=NarrowOop }
                      ;*invokevirtual get {reexecute=0 rethrow=0 return_oop=0}
                      ; - org.eclipse.jdt.internal.core.index.DiskIndex::copyQueryResults@48 (line 382)
  0x00007efbdcfda870: 8cfa 5aff 

  0x00007efbdcfda874: ;   {other}
  0x00007efbdcfda874: 0f1f 8400 | e42c 003e | bef6 ffff | ff66 6690 

  0x00007efbdcfda884: ;   {runtime_call UncommonTrapBlob}
  0x00007efbdcfda884: c5f8 77e8 

  0x00007efbdcfda888: ; ImmutableOopMap {}
                      ;*arraylength {reexecute=0 rethrow=0 return_oop=0}
                      ; - org.eclipse.jdt.internal.compiler.util.HashtableOfObject::get@4 (line 83)
                      ; - org.eclipse.jdt.internal.core.index.DiskIndex::copyQueryResults@48 (line 382)
  0x00007efbdcfda888: 74fa 5aff 

  0x00007efbdcfda88c: ;   {other}
  0x00007efbdcfda88c: 0f1f 8400 | fc2c 003f | bef6 ffff | ff66 6690 

  0x00007efbdcfda89c: ;   {runtime_call UncommonTrapBlob}
  0x00007efbdcfda89c: c5f8 77e8 

  0x00007efbdcfda8a0: ; ImmutableOopMap {}
                      ;*arraylength {reexecute=0 rethrow=0 return_oop=0}
                      ; - org.eclipse.jdt.internal.core.index.DiskIndex::copyQueryResults@98 (line 387)
  0x00007efbdcfda8a0: 5cfa 5aff 

  0x00007efbdcfda8a4: ;   {other}
  0x00007efbdcfda8a4: 0f1f 8400 | 142d 0040 | bef6 ffff | ff8b ea90 

  0x00007efbdcfda8b4: ;   {runtime_call UncommonTrapBlob}
  0x00007efbdcfda8b4: c5f8 77e8 

  0x00007efbdcfda8b8: ; ImmutableOopMap {}
                      ;*aaload {reexecute=0 rethrow=0 return_oop=0}
                      ; - org.eclipse.jdt.internal.compiler.util.HashtableOfObject::get@30 (line 88)
                      ; - org.eclipse.jdt.internal.core.index.DiskIndex::copyQueryResults@48 (line 382)
  0x00007efbdcfda8b8: 44fa 5aff 

  0x00007efbdcfda8bc: ;   {other}
  0x00007efbdcfda8bc: 0f1f 8400 | 2c2d 0041 | bef6 ffff | ff44 8914 | 2466 6690 

  0x00007efbdcfda8d0: ;   {runtime_call UncommonTrapBlob}
  0x00007efbdcfda8d0: c5f8 77e8 

  0x00007efbdcfda8d4: ; ImmutableOopMap {}
                      ;*iastore {reexecute=0 rethrow=0 return_oop=0}
                      ; - org.eclipse.jdt.internal.core.index.DiskIndex$IntList::add@65 (line 94)
                      ; - org.eclipse.jdt.internal.core.index.DiskIndex::copyQueryResults@187 (line 396)
  0x00007efbdcfda8d4: 28fa 5aff 

  0x00007efbdcfda8d8: ;   {other}
  0x00007efbdcfda8d8: 0f1f 8400 | 482d 0042 | bef6 ffff | ff66 6690 

  0x00007efbdcfda8e8: ;   {runtime_call UncommonTrapBlob}
  0x00007efbdcfda8e8: c5f8 77e8 

  0x00007efbdcfda8ec: ; ImmutableOopMap {}
                      ;*arraylength {reexecute=0 rethrow=0 return_oop=0}
                      ; - org.eclipse.jdt.internal.compiler.util.HashtableOfObject::put@4 (line 98)
                      ; - org.eclipse.jdt.internal.core.index.DiskIndex::copyQueryResults@196 (line 397)
  0x00007efbdcfda8ec: 10fa 5aff 

  0x00007efbdcfda8f0: ;   {other}
  0x00007efbdcfda8f0: 0f1f 8400 | 602d 0043 | bef6 ffff | ff8b ea90 

  0x00007efbdcfda900: ;   {runtime_call UncommonTrapBlob}
  0x00007efbdcfda900: c5f8 77e8 

  0x00007efbdcfda904: ; ImmutableOopMap {[112]=Oop }
                      ;*aastore {reexecute=1 rethrow=0 return_oop=0}
                      ; - (reexecute) org.eclipse.jdt.internal.compiler.util.HashtableOfObject::put@76 (line 110)
                      ; - org.eclipse.jdt.internal.core.index.DiskIndex::copyQueryResults@196 (line 397)
  0x00007efbdcfda904: f8f9 5aff 

  0x00007efbdcfda908: ;   {other}
  0x00007efbdcfda908: 0f1f 8400 | 782d 0044 | bef6 ffff | ff66 6690 

  0x00007efbdcfda918: ;   {runtime_call UncommonTrapBlob}
  0x00007efbdcfda918: c5f8 77e8 

  0x00007efbdcfda91c: ; ImmutableOopMap {}
                      ;*getfield keyTable {reexecute=1 rethrow=0 return_oop=0}
                      ; - (reexecute) org.eclipse.jdt.internal.core.index.DiskIndex::copyQueryResults@1 (line 376)
  0x00007efbdcfda91c: e0f9 5aff 

  0x00007efbdcfda920: ;   {other}
  0x00007efbdcfda920: 0f1f 8400 | 902d 0045 | bef6 ffff | ff66 6690 

  0x00007efbdcfda930: ;   {runtime_call UncommonTrapBlob}
  0x00007efbdcfda930: c5f8 77e8 

  0x00007efbdcfda934: ; ImmutableOopMap {}
                      ;*arraylength {reexecute=0 rethrow=0 return_oop=0}
                      ; - org.eclipse.jdt.internal.core.index.DiskIndex::copyQueryResults@15 (line 378)
  0x00007efbdcfda934: c8f9 5aff 

  0x00007efbdcfda938: ;   {other}
  0x00007efbdcfda938: 0f1f 8400 | a82d 0046 | 488b f0e9 | 2e00 0000 | 488b f0e9 | 2600 0000 | 488b f0e9 | 1e00 0000 
  0x00007efbdcfda958: eb00 488b | f0eb 1748 | 8bf0 eb12 | 488b f0eb | 0d48 8bf0 | eb08 488b | f0eb 0348 | 8bf0 c5f8 
  0x00007efbdcfda978: 7748 81c4 | a000 0000 

  0x00007efbdcfda980: ;   {runtime_call _rethrow_Java}
  0x00007efbdcfda980: 5de9 7a34 | 66ff bef6 | ffff ff8b | ea66 6690 

  0x00007efbdcfda990: ;   {runtime_call UncommonTrapBlob}
  0x00007efbdcfda990: c5f8 77e8 

  0x00007efbdcfda994: ; ImmutableOopMap {[112]=Oop }
                      ;*aastore {reexecute=1 rethrow=0 return_oop=0}
                      ; - (reexecute) org.eclipse.jdt.internal.compiler.util.HashtableOfObject::put@34 (line 103)
                      ; - org.eclipse.jdt.internal.core.index.DiskIndex::copyQueryResults@196 (line 397)
  0x00007efbdcfda994: 68f9 5aff 

  0x00007efbdcfda998: ;   {other}
  0x00007efbdcfda998: 0f1f 8400 | 082e 0047 

  0x00007efbdcfda9a0: ;   {internal_word}
  0x00007efbdcfda9a0: 49ba 179a | fddc fb7e | 0000 4d89 | 9760 0400 

  0x00007efbdcfda9b0: ;   {runtime_call SafepointBlob}
  0x00007efbdcfda9b0: 00e9 4a0a | 5bff 4883 | ec08 c5fb 

  0x00007efbdcfda9bc: ;   {runtime_call StubRoutines (initial stubs)}
  0x00007efbdcfda9bc: 1104 24e8 | a9d3 55ff | 415b e9e1 

  0x00007efbdcfda9c8: ;   {runtime_call StubRoutines (final stubs)}
  0x00007efbdcfda9c8: dbff ffe8 | 1046 59ff | e9e9 d5ff | fff4 f4f4 
[Stub Code]
  0x00007efbdcfda9d8: ;   {no_reloc}
  0x00007efbdcfda9d8: 48bb 0000 | 0000 0000 

  0x00007efbdcfda9e0: ;   {runtime_call nmethod}
  0x00007efbdcfda9e0: 0000 e9fb 

  0x00007efbdcfda9e4: ;   {static_stub}
  0x00007efbdcfda9e4: ffff ff48 | bb00 0000 | 0000 0000 

  0x00007efbdcfda9f0: ;   {runtime_call nmethod}
  0x00007efbdcfda9f0: 00e9 fbff 

  0x00007efbdcfda9f4: ;   {runtime_call ExceptionBlob}
  0x00007efbdcfda9f4: ffff e905 | ea65 ffe8 | 0000 0000 | 4883 2c24 

  0x00007efbdcfdaa04: ;   {runtime_call DeoptimizationBlob}
  0x00007efbdcfdaa04: 05e9 96fc | 5aff f4f4 | f4f4 f4f4 
[/MachCode]


---------------  P R O C E S S  ---------------

Threads class SMR info:
_java_thread_list=0x00007efb6811f590, length=42, elements={
0x00007efbe402a900, 0x00007efbe41c0fd0, 0x00007efbe41c2500, 0x00007efbe41c3c50,
0x00007efbe41c5250, 0x00007efbe41c67b0, 0x00007efbe41c82b0, 0x00007efbe41d1920,
0x00007efbe41e1dd0, 0x00007efbe428ed30, 0x00007efbe44546a0, 0x00007efbe44bbfc0,
0x00007efb4001b110, 0x00007efbe44bf180, 0x00007efb38089b80, 0x00007efb3847a280,
0x00007efb384c5000, 0x00007efb38408290, 0x00007efb381e79e0, 0x00007efb381f6510,
0x00007efb08001080, 0x00007efb38982bb0, 0x00007efb0400b140, 0x00007efbe456d880,
0x00007efbe46ce650, 0x00007efbe46cf7c0, 0x00007efaf4857db0, 0x00007efb040cd8b0,
0x00007efad4009970, 0x00007efad4001cb0, 0x00007efad8009970, 0x00007efad8001930,
0x00007efacc001930, 0x00007efad0009970, 0x00007efb040d2dc0, 0x00007efb04198820,
0x00007efb041a56f0, 0x00007efaf00895f0, 0x00007efaf0114bb0, 0x00007efab0001a00,
0x00007efb6930cbf0, 0x00007efb6930d330
}

Java Threads: ( => current thread )
  0x00007efbe402a900 JavaThread "main"                              [_thread_blocked, id=7765, stack(0x00007efbeb817000,0x00007efbeb917000) (1024K)]
  0x00007efbe41c0fd0 JavaThread "Reference Handler"          daemon [_thread_blocked, id=7769, stack(0x00007efb87682000,0x00007efb87782000) (1024K)]
  0x00007efbe41c2500 JavaThread "Finalizer"                  daemon [_thread_blocked, id=7770, stack(0x00007efb87582000,0x00007efb87682000) (1024K)]
  0x00007efbe41c3c50 JavaThread "Signal Dispatcher"          daemon [_thread_blocked, id=7771, stack(0x00007efb87482000,0x00007efb87582000) (1024K)]
  0x00007efbe41c5250 JavaThread "Service Thread"             daemon [_thread_blocked, id=7772, stack(0x00007efb87382000,0x00007efb87482000) (1024K)]
  0x00007efbe41c67b0 JavaThread "Monitor Deflation Thread"   daemon [_thread_blocked, id=7773, stack(0x00007efb87282000,0x00007efb87382000) (1024K)]
  0x00007efbe41c82b0 JavaThread "C2 CompilerThread0"         daemon [_thread_blocked, id=7774, stack(0x00007efb87182000,0x00007efb87282000) (1024K)]
  0x00007efbe41d1920 JavaThread "C1 CompilerThread0"         daemon [_thread_blocked, id=7775, stack(0x00007efb87082000,0x00007efb87182000) (1024K)]
  0x00007efbe41e1dd0 JavaThread "Common-Cleaner"             daemon [_thread_blocked, id=7776, stack(0x00007efb82f00000,0x00007efb83000000) (1024K)]
  0x00007efbe428ed30 JavaThread "Notification Thread"        daemon [_thread_blocked, id=7779, stack(0x00007efb82d00000,0x00007efb82e00000) (1024K)]
  0x00007efbe44546a0 JavaThread "Active Thread: Equinox Container: a6bf42d8-cae1-4a53-b697-7db056ce2957"        [_thread_blocked, id=7786, stack(0x00007efb827fd000,0x00007efb828fd000) (1024K)]
  0x00007efbe44bbfc0 JavaThread "Refresh Thread: Equinox Container: a6bf42d8-cae1-4a53-b697-7db056ce2957" daemon [_thread_blocked, id=7787, stack(0x00007efb826fd000,0x00007efb827fd000) (1024K)]
  0x00007efb4001b110 JavaThread "Framework Event Dispatcher: Equinox Container: a6bf42d8-cae1-4a53-b697-7db056ce2957" daemon [_thread_blocked, id=7788, stack(0x00007efb825fd000,0x00007efb826fd000) (1024K)]
  0x00007efbe44bf180 JavaThread "Start Level: Equinox Container: a6bf42d8-cae1-4a53-b697-7db056ce2957" daemon [_thread_blocked, id=7789, stack(0x00007efb824fd000,0x00007efb825fd000) (1024K)]
  0x00007efb38089b80 JavaThread "Bundle File Closer"         daemon [_thread_blocked, id=7791, stack(0x00007efb822fc000,0x00007efb823fc000) (1024K)]
  0x00007efb3847a280 JavaThread "SCR Component Actor"        daemon [_thread_blocked, id=7793, stack(0x00007efb820fb000,0x00007efb821fb000) (1024K)]
  0x00007efb384c5000 JavaThread "SCR Component Registry"     daemon [_thread_blocked, id=7794, stack(0x00007efb81ffb000,0x00007efb820fb000) (1024K)]
  0x00007efb38408290 JavaThread "Worker-JM"                         [_thread_blocked, id=7797, stack(0x00007efb81cf9000,0x00007efb81df9000) (1024K)]
  0x00007efb381e79e0 JavaThread "Worker-0"                          [_thread_blocked, id=7814, stack(0x00007efb819f7000,0x00007efb81af7000) (1024K)]
  0x00007efb381f6510 JavaThread "Worker-1: Java indexing... "        [_thread_blocked, id=7815, stack(0x00007efb818f7000,0x00007efb819f7000) (1024K)]
  0x00007efb08001080 JavaThread "Worker-2"                          [_thread_blocked, id=7816, stack(0x00007efb817f7000,0x00007efb818f7000) (1024K)]
=>0x00007efb38982bb0 JavaThread "Java indexing"              daemon [_thread_in_Java, id=7817, stack(0x00007efb816f7000,0x00007efb817f7000) (1024K)]
  0x00007efb0400b140 JavaThread "Worker-3: Check JDK Index"         [_thread_blocked, id=7818, stack(0x00007efb815f7000,0x00007efb816f7000) (1024K)]
  0x00007efbe456d880 JavaThread "pool-2-thread-1"                   [_thread_blocked, id=7819, stack(0x00007efb814f7000,0x00007efb815f7000) (1024K)]
  0x00007efbe46ce650 JavaThread "WorkspaceEventsHandler"            [_thread_blocked, id=7820, stack(0x00007efb81072000,0x00007efb81172000) (1024K)]
  0x00007efbe46cf7c0 JavaThread "pool-1-thread-1"                   [_thread_blocked, id=7821, stack(0x00007efb80f72000,0x00007efb81072000) (1024K)]
  0x00007efaf4857db0 JavaThread "Worker-4"                          [_thread_blocked, id=7822, stack(0x00007efb813f7000,0x00007efb814f7000) (1024K)]
  0x00007efb040cd8b0 JavaThread "LocalFile Deleter"          daemon [_thread_blocked, id=7823, stack(0x00007efb812f7000,0x00007efb813f7000) (1024K)]
  0x00007efad4009970 JavaThread "LocalFile Deleter"          daemon [_thread_blocked, id=7824, stack(0x00007efb811f7000,0x00007efb812f7000) (1024K)]
  0x00007efad4001cb0 JavaThread "LocalFile Deleter"          daemon [_thread_blocked, id=7825, stack(0x00007efb80e72000,0x00007efb80f72000) (1024K)]
  0x00007efad8009970 JavaThread "LocalFile Deleter"          daemon [_thread_blocked, id=7826, stack(0x00007efb80d72000,0x00007efb80e72000) (1024K)]
  0x00007efad8001930 JavaThread "LocalFile Deleter"          daemon [_thread_blocked, id=7827, stack(0x00007efb80c72000,0x00007efb80d72000) (1024K)]
  0x00007efacc001930 JavaThread "LocalFile Deleter"          daemon [_thread_blocked, id=7828, stack(0x00007efb80b72000,0x00007efb80c72000) (1024K)]
  0x00007efad0009970 JavaThread "LocalFile Deleter"          daemon [_thread_blocked, id=7829, stack(0x00007efb80a72000,0x00007efb80b72000) (1024K)]
  0x00007efb040d2dc0 JavaThread "Compiler Source File Reader" daemon [_thread_blocked, id=7830, stack(0x00007efb80972000,0x00007efb80a72000) (1024K)]
  0x00007efb04198820 JavaThread "Compiler Processing Task"   daemon [_thread_blocked, id=7831, stack(0x00007efb80872000,0x00007efb80972000) (1024K)]
  0x00007efb041a56f0 JavaThread "Compiler Class File Writer" daemon [_thread_blocked, id=7832, stack(0x00007efb80772000,0x00007efb80872000) (1024K)]
  0x00007efaf00895f0 JavaThread "ForkJoinPool.commonPool-worker-1" daemon [_thread_blocked, id=7833, stack(0x00007efb80672000,0x00007efb80772000) (1024K)]
  0x00007efaf0114bb0 JavaThread "ForkJoinPool.commonPool-worker-2" daemon [_thread_blocked, id=7836, stack(0x00007efb80572000,0x00007efb80672000) (1024K)]
  0x00007efab0001a00 JavaThread "ForkJoinPool.commonPool-worker-3" daemon [_thread_blocked, id=7865, stack(0x00007efb80472000,0x00007efb80572000) (1024K)]
  0x00007efb6930cbf0 JavaThread "C2 CompilerThread1"         daemon [_thread_blocked, id=7867, stack(0x00007efb82e00000,0x00007efb82f00000) (1024K)]
  0x00007efb6930d330 JavaThread "C2 CompilerThread2"         daemon [_thread_blocked, id=7868, stack(0x00007efb82c00000,0x00007efb82d00000) (1024K)]
Total: 42

Other Threads:
  0x00007efbe41adbf0 VMThread "VM Thread"                           [id=7768, stack(0x00007efb879fb000,0x00007efb87afb000) (1024K)]
  0x00007efbe4052210 WatcherThread "VM Periodic Task Thread"        [id=7767, stack(0x00007efbd4b00000,0x00007efbd4c00000) (1024K)]
  0x00007efbe4043280 WorkerThread "GC Thread#0"                     [id=7766, stack(0x00007efbe8129000,0x00007efbe8229000) (1024K)]
  0x00007efb7c0017d0 WorkerThread "GC Thread#1"                     [id=7782, stack(0x00007efb82b00000,0x00007efb82c00000) (1024K)]
  0x00007efb7c0038f0 WorkerThread "GC Thread#2"                     [id=7783, stack(0x00007efb829ff000,0x00007efb82aff000) (1024K)]
  0x00007efb7c0043d0 WorkerThread "GC Thread#3"                     [id=7784, stack(0x00007efb828fe000,0x00007efb829fe000) (1024K)]
  0x00007efb7c005010 WorkerThread "GC Thread#4"                     [id=7790, stack(0x00007efb823fd000,0x00007efb824fd000) (1024K)]
  0x00007efb7c005f90 WorkerThread "GC Thread#5"                     [id=7792, stack(0x00007efb821fc000,0x00007efb822fc000) (1024K)]
  0x00007efb7c007200 WorkerThread "GC Thread#6"                     [id=7795, stack(0x00007efb81efb000,0x00007efb81ffb000) (1024K)]
  0x00007efb7c007c20 WorkerThread "GC Thread#7"                     [id=7796, stack(0x00007efb81dfa000,0x00007efb81efa000) (1024K)]
  0x00007efb7c008920 WorkerThread "GC Thread#8"                     [id=7812, stack(0x00007efb81bf9000,0x00007efb81cf9000) (1024K)]
  0x00007efb7c009330 WorkerThread "GC Thread#9"                     [id=7813, stack(0x00007efb81af8000,0x00007efb81bf8000) (1024K)]
Total: 12

Threads with active compile tasks:
Total: 0

VM state: not at safepoint (normal execution)

VM Mutex/Monitor currently owned by a thread: None

Heap address: 0x00000000c0000000, size: 1024 MB, Compressed Oops mode: 32-bit

CDS archive(s) mapped at: [0x00007efb8d000000-0x00007efb8dbb6000-0x00007efb8dbb6000), size 12279808, SharedBaseAddress: 0x00007efb8d000000, ArchiveRelocationMode: 1.
Compressed class space mapped at: 0x00007efb8e000000-0x00007efbce000000, reserved size: 1073741824
Narrow klass base: 0x00007efb8d000000, Narrow klass shift: 0, Narrow klass range: 0x100000000

GC Precious Log:
 CardTable entry size: 512
 CPUs: 12 total, 12 available
 Memory: 15768M
 Large Page Support: Disabled
 NUMA Support: Disabled
 Compressed Oops: Enabled (32-bit)
 Alignments: Space 512K, Generation 512K, Heap 2M
 Heap Min Capacity: 100M
 Heap Initial Capacity: 100M
 Heap Max Capacity: 1G
 Pre-touch: Disabled
 Parallel Workers: 10

Heap:
 PSYoungGen      total 1536K, used 701K [0x00000000eab00000, 0x00000000ead80000, 0x0000000100000000)
  eden space 512K, 5% used [0x00000000eab00000,0x00000000eab07700,0x00000000eab80000)
  from space 1024K, 65% used [0x00000000eac80000,0x00000000ead28000,0x00000000ead80000)
  to   space 1024K, 0% used [0x00000000eab80000,0x00000000eab80000,0x00000000eac80000)
 ParOldGen       total 390656K, used 390546K [0x00000000c0000000, 0x00000000d7d80000, 0x00000000eab00000)
  object space 390656K, 99% used [0x00000000c0000000,0x00000000d7d649f8,0x00000000d7d80000)
 Metaspace       used 57736K, committed 59072K, reserved 1114112K
  class space    used 5998K, committed 6592K, reserved 1048576K

Card table byte_map: [0x00007efbe8229000,0x00007efbe842a000] _byte_map_base: 0x00007efbe7c29000

Marking Bits: (ParMarkBitMap*) 0x00007efbecf4af20
 Begin Bits: [0x00007efbce000000, 0x00007efbcf000000)
 End Bits:   [0x00007efbcf000000, 0x00007efbd0000000)

Polling page: 0x00007efbed2a1000

Metaspace:

Usage:
  Non-class:     50,53 MB used.
      Class:      5,86 MB used.
       Both:     56,38 MB used.

Virtual space:
  Non-class space:       64,00 MB reserved,      51,25 MB ( 80%) committed,  1 nodes.
      Class space:        1,00 GB reserved,       6,44 MB ( <1%) committed,  1 nodes.
             Both:        1,06 GB reserved,      57,69 MB (  5%) committed. 

Chunk freelists:
   Non-Class:  12,70 MB
       Class:  9,46 MB
        Both:  22,16 MB

MaxMetaspaceSize: unlimited
CompressedClassSpaceSize: 1,00 GB
Initial GC threshold: 21,00 MB
Current GC threshold: 58,38 MB
CDS: on
 - commit_granule_bytes: 65536.
 - commit_granule_words: 8192.
 - virtual_space_node_default_size: 8388608.
 - enlarge_chunks_in_place: 1.
 - use_allocation_guard: 0.


Internal statistics:

num_allocs_failed_limit: 6.
num_arena_births: 972.
num_arena_deaths: 14.
num_vsnodes_births: 2.
num_vsnodes_deaths: 0.
num_space_committed: 923.
num_space_uncommitted: 0.
num_chunks_returned_to_freelist: 20.
num_chunks_taken_from_freelist: 3543.
num_chunk_merges: 12.
num_chunk_splits: 2268.
num_chunks_enlarged: 1369.
num_inconsistent_stats: 0.

CodeHeap 'non-profiled nmethods': size=120028Kb used=5195Kb max_used=5195Kb free=114832Kb
 bounds [0x00007efbdcac9000, 0x00007efbdcfe9000, 0x00007efbe4000000]
CodeHeap 'profiled nmethods': size=120028Kb used=15347Kb max_used=15347Kb free=104680Kb
 bounds [0x00007efbd5000000, 0x00007efbd5f00000, 0x00007efbdc537000]
CodeHeap 'non-nmethods': size=5704Kb used=1407Kb max_used=1514Kb free=4296Kb
 bounds [0x00007efbdc537000, 0x00007efbdc7a7000, 0x00007efbdcac9000]
 total_blobs=8024 nmethods=7294 adapters=637
 compilation: enabled
              stopped_count=0, restarted_count=0
 full_count=0

Compilation events (20 events):
Event: 5,146 Thread 0x00007efbe41d1920 7842       3       org.eclipse.jdt.internal.core.index.DiskIndex$IntList::<init> (16 bytes)
Event: 5,146 Thread 0x00007efbe41d1920 nmethod 7842 0x00007efbd5efb110 code [0x00007efbd5efb2a0, 0x00007efbd5efb428]
Event: 5,146 Thread 0x00007efbe41c82b0 7843       4       org.eclipse.jdt.internal.compiler.util.HashtableOfObject::get (56 bytes)
Event: 5,147 Thread 0x00007efbe41d1920 7844       3       org.eclipse.jdt.internal.core.index.DiskIndex::copyQueryResults (221 bytes)
Event: 5,147 Thread 0x00007efb6930cbf0 nmethod 7841 0x00007efbdcfcbf10 code [0x00007efbdcfcc100, 0x00007efbdcfcc638]
Event: 5,147 Thread 0x00007efbe41c82b0 nmethod 7843 0x00007efbdcfcc890 code [0x00007efbdcfcca60, 0x00007efbdcfcd048]
Event: 5,148 Thread 0x00007efbe41d1920 nmethod 7844 0x00007efbd5efb510 code [0x00007efbd5efb7a0, 0x00007efbd5efc5c0]
Event: 5,149 Thread 0x00007efb6930cbf0 7845       4       org.eclipse.jdt.internal.core.index.DiskIndex$IntList::add (67 bytes)
Event: 5,150 Thread 0x00007efb6930cbf0 nmethod 7845 0x00007efbdcfcd290 code [0x00007efbdcfcd420, 0x00007efbdcfcd740]
Event: 5,152 Thread 0x00007efbe41c82b0 7846 %     4       org.eclipse.jdt.internal.core.index.DiskIndex::copyQueryResults @ 107 (221 bytes)
Event: 5,154 Thread 0x00007efb6930cbf0 7847 %     4       org.eclipse.jdt.internal.compiler.util.HashtableOfObject::rehash @ 27 (84 bytes)
Event: 5,155 Thread 0x00007efb6930d330 nmethod 7836% 0x00007efbdcfcd890 code [0x00007efbdcfcdbe0, 0x00007efbdcfd0400]
Event: 5,157 Thread 0x00007efb6930cbf0 nmethod 7847% 0x00007efbdcfd1c90 code [0x00007efbdcfd1ea0, 0x00007efbdcfd2608]
Event: 5,157 Thread 0x00007efb6930d330 7848       4       org.eclipse.jdt.internal.compiler.util.HashtableOfObject::rehash (84 bytes)
Event: 5,163 Thread 0x00007efb6930d330 nmethod 7848 0x00007efbdcfd2a10 code [0x00007efbdcfd2c60, 0x00007efbdcfd3750]
Event: 5,182 Thread 0x00007efbe41c82b0 nmethod 7846% 0x00007efbdcfd3d10 code [0x00007efbdcfd40c0, 0x00007efbdcfd6b60]
Event: 5,182 Thread 0x00007efbe41c82b0 7849       4       org.eclipse.jdt.internal.core.index.DiskIndex::copyQueryResults (221 bytes)
Event: 5,207 Thread 0x00007efbe41c82b0 nmethod 7849 0x00007efbdcfd7b90 code [0x00007efbdcfd7f80, 0x00007efbdcfdaa10]
Event: 5,207 Thread 0x00007efbe41c82b0 7850       4       org.eclipse.jdt.internal.core.index.DiskIndex$IntList::<init> (16 bytes)
Event: 5,207 Thread 0x00007efbe41c82b0 nmethod 7850 0x00007efbdcfdbc10 code [0x00007efbdcfdbd80, 0x00007efbdcfdbe40]

GC Heap History (20 events):
Event: 5,411 GC heap before
{Heap before GC invocations=405 (full 2):
 PSYoungGen      total 1536K, used 1128K [0x00000000eab00000, 0x00000000ead80000, 0x0000000100000000)
  eden space 512K, 89% used [0x00000000eab00000,0x00000000eab72058,0x00000000eab80000)
  from space 1024K, 65% used [0x00000000eac80000,0x00000000ead28000,0x00000000ead80000)
  to   space 1024K, 0% used [0x00000000eab80000,0x00000000eab80000,0x00000000eac80000)
 ParOldGen       total 381952K, used 381687K [0x00000000c0000000, 0x00000000d7500000, 0x00000000eab00000)
  object space 381952K, 99% used [0x00000000c0000000,0x00000000d74bdf18,0x00000000d7500000)
 Metaspace       used 57736K, committed 59072K, reserved 1114112K
  class space    used 5998K, committed 6592K, reserved 1048576K
}
Event: 5,411 GC heap after
{Heap after GC invocations=405 (full 2):
 PSYoungGen      total 1536K, used 520K [0x00000000eab00000, 0x00000000ead80000, 0x0000000100000000)
  eden space 512K, 0% used [0x00000000eab00000,0x00000000eab00000,0x00000000eab80000)
  from space 1024K, 50% used [0x00000000eab80000,0x00000000eac02000,0x00000000eac80000)
  to   space 1024K, 0% used [0x00000000eac80000,0x00000000eac80000,0x00000000ead80000)
 ParOldGen       total 382464K, used 382198K [0x00000000c0000000, 0x00000000d7580000, 0x00000000eab00000)
  object space 382464K, 99% used [0x00000000c0000000,0x00000000d753d9c0,0x00000000d7580000)
 Metaspace       used 57736K, committed 59072K, reserved 1114112K
  class space    used 5998K, committed 6592K, reserved 1048576K
}
Event: 5,416 GC heap before
{Heap before GC invocations=406 (full 2):
 PSYoungGen      total 1536K, used 1032K [0x00000000eab00000, 0x00000000ead80000, 0x0000000100000000)
  eden space 512K, 100% used [0x00000000eab00000,0x00000000eab80000,0x00000000eab80000)
  from space 1024K, 50% used [0x00000000eab80000,0x00000000eac02000,0x00000000eac80000)
  to   space 1024K, 0% used [0x00000000eac80000,0x00000000eac80000,0x00000000ead80000)
 ParOldGen       total 382464K, used 382198K [0x00000000c0000000, 0x00000000d7580000, 0x00000000eab00000)
  object space 382464K, 99% used [0x00000000c0000000,0x00000000d753d9c0,0x00000000d7580000)
 Metaspace       used 57736K, committed 59072K, reserved 1114112K
  class space    used 5998K, committed 6592K, reserved 1048576K
}
Event: 5,417 GC heap after
{Heap after GC invocations=406 (full 2):
 PSYoungGen      total 1536K, used 607K [0x00000000eab00000, 0x00000000ead80000, 0x0000000100000000)
  eden space 512K, 0% used [0x00000000eab00000,0x00000000eab00000,0x00000000eab80000)
  from space 1024K, 59% used [0x00000000eac80000,0x00000000ead17e90,0x00000000ead80000)
  to   space 1024K, 0% used [0x00000000eab80000,0x00000000eab80000,0x00000000eac80000)
 ParOldGen       total 382976K, used 382683K [0x00000000c0000000, 0x00000000d7600000, 0x00000000eab00000)
  object space 382976K, 99% used [0x00000000c0000000,0x00000000d75b6f10,0x00000000d7600000)
 Metaspace       used 57736K, committed 59072K, reserved 1114112K
  class space    used 5998K, committed 6592K, reserved 1048576K
}
Event: 5,425 GC heap before
{Heap before GC invocations=407 (full 2):
 PSYoungGen      total 1536K, used 1119K [0x00000000eab00000, 0x00000000ead80000, 0x0000000100000000)
  eden space 512K, 100% used [0x00000000eab00000,0x00000000eab80000,0x00000000eab80000)
  from space 1024K, 59% used [0x00000000eac80000,0x00000000ead17e90,0x00000000ead80000)
  to   space 1024K, 0% used [0x00000000eab80000,0x00000000eab80000,0x00000000eac80000)
 ParOldGen       total 384000K, used 383579K [0x00000000c0000000, 0x00000000d7700000, 0x00000000eab00000)
  object space 384000K, 99% used [0x00000000c0000000,0x00000000d7696f10,0x00000000d7700000)
 Metaspace       used 57736K, committed 59072K, reserved 1114112K
  class space    used 5998K, committed 6592K, reserved 1048576K
}
Event: 5,426 GC heap after
{Heap after GC invocations=407 (full 2):
 PSYoungGen      total 1536K, used 687K [0x00000000eab00000, 0x00000000ead80000, 0x0000000100000000)
  eden space 512K, 0% used [0x00000000eab00000,0x00000000eab00000,0x00000000eab80000)
  from space 1024K, 67% used [0x00000000eab80000,0x00000000eac2bf18,0x00000000eac80000)
  to   space 1024K, 0% used [0x00000000eac80000,0x00000000eac80000,0x00000000ead80000)
 ParOldGen       total 384512K, used 384123K [0x00000000c0000000, 0x00000000d7780000, 0x00000000eab00000)
  object space 384512K, 99% used [0x00000000c0000000,0x00000000d771eda0,0x00000000d7780000)
 Metaspace       used 57736K, committed 59072K, reserved 1114112K
  class space    used 5998K, committed 6592K, reserved 1048576K
}
Event: 5,448 GC heap before
{Heap before GC invocations=408 (full 2):
 PSYoungGen      total 1536K, used 1199K [0x00000000eab00000, 0x00000000ead80000, 0x0000000100000000)
  eden space 512K, 99% used [0x00000000eab00000,0x00000000eab7fff8,0x00000000eab80000)
  from space 1024K, 67% used [0x00000000eab80000,0x00000000eac2bf18,0x00000000eac80000)
  to   space 1024K, 0% used [0x00000000eac80000,0x00000000eac80000,0x00000000ead80000)
 ParOldGen       total 387584K, used 386811K [0x00000000c0000000, 0x00000000d7a80000, 0x00000000eab00000)
  object space 387584K, 99% used [0x00000000c0000000,0x00000000d79beda0,0x00000000d7a80000)
 Metaspace       used 57736K, committed 59072K, reserved 1114112K
  class space    used 5998K, committed 6592K, reserved 1048576K
}
Event: 5,449 GC heap after
{Heap after GC invocations=408 (full 2):
 PSYoungGen      total 1536K, used 699K [0x00000000eab00000, 0x00000000ead80000, 0x0000000100000000)
  eden space 512K, 0% used [0x00000000eab00000,0x00000000eab00000,0x00000000eab80000)
  from space 1024K, 68% used [0x00000000eac80000,0x00000000ead2ef48,0x00000000ead80000)
  to   space 1024K, 0% used [0x00000000eab80000,0x00000000eab80000,0x00000000eac80000)
 ParOldGen       total 387584K, used 387351K [0x00000000c0000000, 0x00000000d7a80000, 0x00000000eab00000)
  object space 387584K, 99% used [0x00000000c0000000,0x00000000d7a45c88,0x00000000d7a80000)
 Metaspace       used 57736K, committed 59072K, reserved 1114112K
  class space    used 5998K, committed 6592K, reserved 1048576K
}
Event: 5,456 GC heap before
{Heap before GC invocations=409 (full 2):
 PSYoungGen      total 1536K, used 1211K [0x00000000eab00000, 0x00000000ead80000, 0x0000000100000000)
  eden space 512K, 100% used [0x00000000eab00000,0x00000000eab80000,0x00000000eab80000)
  from space 1024K, 68% used [0x00000000eac80000,0x00000000ead2ef48,0x00000000ead80000)
  to   space 1024K, 0% used [0x00000000eab80000,0x00000000eab80000,0x00000000eac80000)
 ParOldGen       total 387584K, used 387351K [0x00000000c0000000, 0x00000000d7a80000, 0x00000000eab00000)
  object space 387584K, 99% used [0x00000000c0000000,0x00000000d7a45c88,0x00000000d7a80000)
 Metaspace       used 57736K, committed 59072K, reserved 1114112K
  class space    used 5998K, committed 6592K, reserved 1048576K
}
Event: 5,457 GC heap after
{Heap after GC invocations=409 (full 2):
 PSYoungGen      total 1536K, used 672K [0x00000000eab00000, 0x00000000ead80000, 0x0000000100000000)
  eden space 512K, 0% used [0x00000000eab00000,0x00000000eab00000,0x00000000eab80000)
  from space 1024K, 65% used [0x00000000eab80000,0x00000000eac28000,0x00000000eac80000)
  to   space 1024K, 0% used [0x00000000eac80000,0x00000000eac80000,0x00000000ead80000)
 ParOldGen       total 388096K, used 387882K [0x00000000c0000000, 0x00000000d7b00000, 0x00000000eab00000)
  object space 388096K, 99% used [0x00000000c0000000,0x00000000d7acabd0,0x00000000d7b00000)
 Metaspace       used 57736K, committed 59072K, reserved 1114112K
  class space    used 5998K, committed 6592K, reserved 1048576K
}
Event: 5,464 GC heap before
{Heap before GC invocations=410 (full 2):
 PSYoungGen      total 1536K, used 1183K [0x00000000eab00000, 0x00000000ead80000, 0x0000000100000000)
  eden space 512K, 99% used [0x00000000eab00000,0x00000000eab7fff8,0x00000000eab80000)
  from space 1024K, 65% used [0x00000000eab80000,0x00000000eac28000,0x00000000eac80000)
  to   space 1024K, 0% used [0x00000000eac80000,0x00000000eac80000,0x00000000ead80000)
 ParOldGen       total 388096K, used 387882K [0x00000000c0000000, 0x00000000d7b00000, 0x00000000eab00000)
  object space 388096K, 99% used [0x00000000c0000000,0x00000000d7acabd0,0x00000000d7b00000)
 Metaspace       used 57736K, committed 59072K, reserved 1114112K
  class space    used 5998K, committed 6592K, reserved 1048576K
}
Event: 5,465 GC heap after
{Heap after GC invocations=410 (full 2):
 PSYoungGen      total 1536K, used 672K [0x00000000eab00000, 0x00000000ead80000, 0x0000000100000000)
  eden space 512K, 0% used [0x00000000eab00000,0x00000000eab00000,0x00000000eab80000)
  from space 1024K, 65% used [0x00000000eac80000,0x00000000ead28000,0x00000000ead80000)
  to   space 1024K, 0% used [0x00000000eab80000,0x00000000eab80000,0x00000000eac80000)
 ParOldGen       total 388608K, used 388408K [0x00000000c0000000, 0x00000000d7b80000, 0x00000000eab00000)
  object space 388608K, 99% used [0x00000000c0000000,0x00000000d7b4e120,0x00000000d7b80000)
 Metaspace       used 57736K, committed 59072K, reserved 1114112K
  class space    used 5998K, committed 6592K, reserved 1048576K
}
Event: 5,473 GC heap before
{Heap before GC invocations=411 (full 2):
 PSYoungGen      total 1536K, used 1184K [0x00000000eab00000, 0x00000000ead80000, 0x0000000100000000)
  eden space 512K, 100% used [0x00000000eab00000,0x00000000eab80000,0x00000000eab80000)
  from space 1024K, 65% used [0x00000000eac80000,0x00000000ead28000,0x00000000ead80000)
  to   space 1024K, 0% used [0x00000000eab80000,0x00000000eab80000,0x00000000eac80000)
 ParOldGen       total 388608K, used 388408K [0x00000000c0000000, 0x00000000d7b80000, 0x00000000eab00000)
  object space 388608K, 99% used [0x00000000c0000000,0x00000000d7b4e120,0x00000000d7b80000)
 Metaspace       used 57736K, committed 59072K, reserved 1114112K
  class space    used 5998K, committed 6592K, reserved 1048576K
}
Event: 5,474 GC heap after
{Heap after GC invocations=411 (full 2):
 PSYoungGen      total 1536K, used 679K [0x00000000eab00000, 0x00000000ead80000, 0x0000000100000000)
  eden space 512K, 0% used [0x00000000eab00000,0x00000000eab00000,0x00000000eab80000)
  from space 1024K, 66% used [0x00000000eab80000,0x00000000eac29fa0,0x00000000eac80000)
  to   space 1024K, 0% used [0x00000000eac80000,0x00000000eac80000,0x00000000ead80000)
 ParOldGen       total 389120K, used 388944K [0x00000000c0000000, 0x00000000d7c00000, 0x00000000eab00000)
  object space 389120K, 99% used [0x00000000c0000000,0x00000000d7bd40e8,0x00000000d7c00000)
 Metaspace       used 57736K, committed 59072K, reserved 1114112K
  class space    used 5998K, committed 6592K, reserved 1048576K
}
Event: 5,482 GC heap before
{Heap before GC invocations=412 (full 2):
 PSYoungGen      total 1536K, used 1191K [0x00000000eab00000, 0x00000000ead80000, 0x0000000100000000)
  eden space 512K, 100% used [0x00000000eab00000,0x00000000eab80000,0x00000000eab80000)
  from space 1024K, 66% used [0x00000000eab80000,0x00000000eac29fa0,0x00000000eac80000)
  to   space 1024K, 0% used [0x00000000eac80000,0x00000000eac80000,0x00000000ead80000)
 ParOldGen       total 389120K, used 388944K [0x00000000c0000000, 0x00000000d7c00000, 0x00000000eab00000)
  object space 389120K, 99% used [0x00000000c0000000,0x00000000d7bd40e8,0x00000000d7c00000)
 Metaspace       used 57736K, committed 59072K, reserved 1114112K
  class space    used 5998K, committed 6592K, reserved 1048576K
}
Event: 5,484 GC heap after
{Heap after GC invocations=412 (full 2):
 PSYoungGen      total 1536K, used 659K [0x00000000eab00000, 0x00000000ead80000, 0x0000000100000000)
  eden space 512K, 0% used [0x00000000eab00000,0x00000000eab00000,0x00000000eab80000)
  from space 1024K, 64% used [0x00000000eac80000,0x00000000ead24fd0,0x00000000ead80000)
  to   space 1024K, 0% used [0x00000000eab80000,0x00000000eab80000,0x00000000eac80000)
 ParOldGen       total 389632K, used 389482K [0x00000000c0000000, 0x00000000d7c80000, 0x00000000eab00000)
  object space 389632K, 99% used [0x00000000c0000000,0x00000000d7c5aac8,0x00000000d7c80000)
 Metaspace       used 57736K, committed 59072K, reserved 1114112K
  class space    used 5998K, committed 6592K, reserved 1048576K
}
Event: 5,494 GC heap before
{Heap before GC invocations=413 (full 2):
 PSYoungGen      total 1536K, used 1171K [0x00000000eab00000, 0x00000000ead80000, 0x0000000100000000)
  eden space 512K, 100% used [0x00000000eab00000,0x00000000eab80000,0x00000000eab80000)
  from space 1024K, 64% used [0x00000000eac80000,0x00000000ead24fd0,0x00000000ead80000)
  to   space 1024K, 0% used [0x00000000eab80000,0x00000000eab80000,0x00000000eac80000)
 ParOldGen       total 389632K, used 389482K [0x00000000c0000000, 0x00000000d7c80000, 0x00000000eab00000)
  object space 389632K, 99% used [0x00000000c0000000,0x00000000d7c5aac8,0x00000000d7c80000)
 Metaspace       used 57736K, committed 59072K, reserved 1114112K
  class space    used 5998K, committed 6592K, reserved 1048576K
}
Event: 5,496 GC heap after
{Heap after GC invocations=413 (full 2):
 PSYoungGen      total 1536K, used 691K [0x00000000eab00000, 0x00000000ead80000, 0x0000000100000000)
  eden space 512K, 0% used [0x00000000eab00000,0x00000000eab00000,0x00000000eab80000)
  from space 1024K, 67% used [0x00000000eab80000,0x00000000eac2cfd0,0x00000000eac80000)
  to   space 1024K, 0% used [0x00000000eac80000,0x00000000eac80000,0x00000000ead80000)
 ParOldGen       total 390144K, used 390017K [0x00000000c0000000, 0x00000000d7d00000, 0x00000000eab00000)
  object space 390144K, 99% used [0x00000000c0000000,0x00000000d7ce04d8,0x00000000d7d00000)
 Metaspace       used 57736K, committed 59072K, reserved 1114112K
  class space    used 5998K, committed 6592K, reserved 1048576K
}
Event: 5,506 GC heap before
{Heap before GC invocations=414 (full 2):
 PSYoungGen      total 1536K, used 1203K [0x00000000eab00000, 0x00000000ead80000, 0x0000000100000000)
  eden space 512K, 99% used [0x00000000eab00000,0x00000000eab7fed0,0x00000000eab80000)
  from space 1024K, 67% used [0x00000000eab80000,0x00000000eac2cfd0,0x00000000eac80000)
  to   space 1024K, 0% used [0x00000000eac80000,0x00000000eac80000,0x00000000ead80000)
 ParOldGen       total 390144K, used 390017K [0x00000000c0000000, 0x00000000d7d00000, 0x00000000eab00000)
  object space 390144K, 99% used [0x00000000c0000000,0x00000000d7ce04d8,0x00000000d7d00000)
 Metaspace       used 57736K, committed 59072K, reserved 1114112K
  class space    used 5998K, committed 6592K, reserved 1048576K
}
Event: 5,508 GC heap after
{Heap after GC invocations=414 (full 2):
 PSYoungGen      total 1536K, used 672K [0x00000000eab00000, 0x00000000ead80000, 0x0000000100000000)
  eden space 512K, 0% used [0x00000000eab00000,0x00000000eab00000,0x00000000eab80000)
  from space 1024K, 65% used [0x00000000eac80000,0x00000000ead28000,0x00000000ead80000)
  to   space 1024K, 0% used [0x00000000eab80000,0x00000000eab80000,0x00000000eac80000)
 ParOldGen       total 390656K, used 390546K [0x00000000c0000000, 0x00000000d7d80000, 0x00000000eab00000)
  object space 390656K, 99% used [0x00000000c0000000,0x00000000d7d649f8,0x00000000d7d80000)
 Metaspace       used 57736K, committed 59072K, reserved 1114112K
  class space    used 5998K, committed 6592K, reserved 1048576K
}

Dll operation events (9 events):
Event: 0,001 Loaded shared library /home/viniciussaousa/.vscode/extensions/redhat.java-1.41.1-linux-x64/jre/21.0.6-linux-x86_64/lib/libjava.so
Event: 0,033 Loaded shared library /home/viniciussaousa/.vscode/extensions/redhat.java-1.41.1-linux-x64/jre/21.0.6-linux-x86_64/lib/libzip.so
Event: 0,044 Loaded shared library /home/viniciussaousa/.vscode/extensions/redhat.java-1.41.1-linux-x64/jre/21.0.6-linux-x86_64/lib/libinstrument.so
Event: 0,045 Loaded shared library /home/viniciussaousa/.vscode/extensions/redhat.java-1.41.1-linux-x64/jre/21.0.6-linux-x86_64/lib/libnio.so
Event: 0,047 Loaded shared library /home/viniciussaousa/.vscode/extensions/redhat.java-1.41.1-linux-x64/jre/21.0.6-linux-x86_64/lib/libzip.so
Event: 0,058 Loaded shared library /home/viniciussaousa/.vscode/extensions/redhat.java-1.41.1-linux-x64/jre/21.0.6-linux-x86_64/lib/libjimage.so
Event: 0,093 Loaded shared library /home/viniciussaousa/.vscode/extensions/redhat.java-1.41.1-linux-x64/jre/21.0.6-linux-x86_64/lib/libverify.so
Event: 0,355 Loaded shared library /home/viniciussaousa/.vscode/extensions/redhat.java-1.41.1-linux-x64/jre/21.0.6-linux-x86_64/lib/libnet.so
Event: 0,547 Loaded shared library /home/viniciussaousa/.config/Code/User/globalStorage/redhat.java/1.41.1/config_linux/org.eclipse.equinox.launcher/org.eclipse.equinox.launcher.gtk.linux.x86_64_1.2.1400.v20250331-1702/eclipse_11911.so

Deoptimization events (20 events):
Event: 5,194 Thread 0x00007efb38982bb0 DEOPT PACKING pc=0x00007efbd5efc46d sp=0x00007efb817f5480
Event: 5,194 Thread 0x00007efb38982bb0 DEOPT UNPACKING pc=0x00007efbdc58ab2f sp=0x00007efb817f4968 mode 0
Event: 5,195 Thread 0x00007efb38982bb0 DEOPT PACKING pc=0x00007efbd5efc46d sp=0x00007efb817f5480
Event: 5,195 Thread 0x00007efb38982bb0 DEOPT UNPACKING pc=0x00007efbdc58ab2f sp=0x00007efb817f4968 mode 0
Event: 5,198 Thread 0x00007efb38982bb0 DEOPT PACKING pc=0x00007efbd5efc46d sp=0x00007efb817f5480
Event: 5,198 Thread 0x00007efb38982bb0 DEOPT UNPACKING pc=0x00007efbdc58ab2f sp=0x00007efb817f4968 mode 0
Event: 5,198 Thread 0x00007efb38982bb0 DEOPT PACKING pc=0x00007efbd5efc46d sp=0x00007efb817f5480
Event: 5,198 Thread 0x00007efb38982bb0 DEOPT UNPACKING pc=0x00007efbdc58ab2f sp=0x00007efb817f4968 mode 0
Event: 5,199 Thread 0x00007efb38982bb0 DEOPT PACKING pc=0x00007efbd5efc46d sp=0x00007efb817f5480
Event: 5,199 Thread 0x00007efb38982bb0 DEOPT UNPACKING pc=0x00007efbdc58ab2f sp=0x00007efb817f4968 mode 0
Event: 5,200 Thread 0x00007efb38982bb0 DEOPT PACKING pc=0x00007efbd5efc46d sp=0x00007efb817f5480
Event: 5,200 Thread 0x00007efb38982bb0 DEOPT UNPACKING pc=0x00007efbdc58ab2f sp=0x00007efb817f4968 mode 0
Event: 5,201 Thread 0x00007efb38982bb0 DEOPT PACKING pc=0x00007efbd5efc46d sp=0x00007efb817f5480
Event: 5,201 Thread 0x00007efb38982bb0 DEOPT UNPACKING pc=0x00007efbdc58ab2f sp=0x00007efb817f4968 mode 0
Event: 5,205 Thread 0x00007efb38982bb0 DEOPT PACKING pc=0x00007efbd5efc46d sp=0x00007efb817f5480
Event: 5,205 Thread 0x00007efb38982bb0 DEOPT UNPACKING pc=0x00007efbdc58ab2f sp=0x00007efb817f4968 mode 0
Event: 5,206 Thread 0x00007efb38982bb0 DEOPT PACKING pc=0x00007efbd5efc46d sp=0x00007efb817f5480
Event: 5,206 Thread 0x00007efb38982bb0 DEOPT UNPACKING pc=0x00007efbdc58ab2f sp=0x00007efb817f4968 mode 0
Event: 5,207 Thread 0x00007efb38982bb0 DEOPT PACKING pc=0x00007efbd5efc46d sp=0x00007efb817f5480
Event: 5,207 Thread 0x00007efb38982bb0 DEOPT UNPACKING pc=0x00007efbdc58ab2f sp=0x00007efb817f4968 mode 0

Classes loaded (20 events):
Event: 3,209 Loading class java/nio/charset/IllegalCharsetNameException
Event: 3,209 Loading class java/nio/charset/IllegalCharsetNameException done
Event: 3,209 Loading class java/nio/charset/CharacterCodingException
Event: 3,209 Loading class java/nio/charset/CharacterCodingException done
Event: 3,209 Loading class java/io/SequenceInputStream
Event: 3,209 Loading class java/io/SequenceInputStream done
Event: 3,218 Loading class java/util/regex/PatternSyntaxException
Event: 3,219 Loading class java/util/regex/PatternSyntaxException done
Event: 3,320 Loading class java/util/concurrent/CompletableFuture$UniApply
Event: 3,320 Loading class java/util/concurrent/CompletableFuture$UniCompletion
Event: 3,321 Loading class java/util/concurrent/CompletableFuture$UniCompletion done
Event: 3,321 Loading class java/util/concurrent/CompletableFuture$UniApply done
Event: 3,321 Loading class java/util/concurrent/CompletableFuture$UniAccept
Event: 3,321 Loading class java/util/concurrent/CompletableFuture$UniAccept done
Event: 3,321 Loading class java/util/concurrent/CompletableFuture$UniExceptionally
Event: 3,321 Loading class java/util/concurrent/CompletableFuture$UniExceptionally done
Event: 3,344 Loading class java/util/stream/ReduceOps$1
Event: 3,344 Loading class java/util/stream/ReduceOps$1 done
Event: 3,344 Loading class java/util/stream/ReduceOps$1ReducingSink
Event: 3,344 Loading class java/util/stream/ReduceOps$1ReducingSink done

Classes unloaded (7 events):
Event: 1,299 Thread 0x00007efbe41adbf0 Unloading class 0x00007efb8e196400 'java/lang/invoke/LambdaForm$MH+0x00007efb8e196400'
Event: 1,299 Thread 0x00007efbe41adbf0 Unloading class 0x00007efb8e196000 'java/lang/invoke/LambdaForm$MH+0x00007efb8e196000'
Event: 1,299 Thread 0x00007efbe41adbf0 Unloading class 0x00007efb8e195c00 'java/lang/invoke/LambdaForm$MH+0x00007efb8e195c00'
Event: 1,299 Thread 0x00007efbe41adbf0 Unloading class 0x00007efb8e195800 'java/lang/invoke/LambdaForm$MH+0x00007efb8e195800'
Event: 1,299 Thread 0x00007efbe41adbf0 Unloading class 0x00007efb8e195400 'java/lang/invoke/LambdaForm$BMH+0x00007efb8e195400'
Event: 1,299 Thread 0x00007efbe41adbf0 Unloading class 0x00007efb8e195000 'java/lang/invoke/LambdaForm$DMH+0x00007efb8e195000'
Event: 1,299 Thread 0x00007efbe41adbf0 Unloading class 0x00007efb8e193c00 'java/lang/invoke/LambdaForm$DMH+0x00007efb8e193c00'

Classes redefined (0 events):
No events

Internal exceptions (20 events):
Event: 2,689 Thread 0x00007efad4009970 Exception <a 'sun/nio/fs/UnixException'{0x00000000ead4fcf0}> (0x00000000ead4fcf0) 
thrown [src/hotspot/share/prims/jni.cpp, line 520]
Event: 2,689 Thread 0x00007efad4001cb0 Exception <a 'sun/nio/fs/UnixException'{0x00000000ead5a1d8}> (0x00000000ead5a1d8) 
thrown [src/hotspot/share/prims/jni.cpp, line 520]
Event: 2,689 Thread 0x00007efad8009970 Exception <a 'sun/nio/fs/UnixException'{0x00000000ead8f328}> (0x00000000ead8f328) 
thrown [src/hotspot/share/prims/jni.cpp, line 520]
Event: 2,691 Thread 0x00007efb381e79e0 Exception <a 'sun/nio/fs/UnixException'{0x00000000eae80f60}> (0x00000000eae80f60) 
thrown [src/hotspot/share/prims/jni.cpp, line 520]
Event: 2,692 Thread 0x00007efb381e79e0 Exception <a 'sun/nio/fs/UnixException'{0x00000000eae89570}> (0x00000000eae89570) 
thrown [src/hotspot/share/prims/jni.cpp, line 520]
Event: 2,692 Thread 0x00007efb381e79e0 Exception <a 'sun/nio/fs/UnixException'{0x00000000eaf0e328}> (0x00000000eaf0e328) 
thrown [src/hotspot/share/prims/jni.cpp, line 520]
Event: 2,692 Thread 0x00007efb381e79e0 Exception <a 'sun/nio/fs/UnixException'{0x00000000eaf11f30}> (0x00000000eaf11f30) 
thrown [src/hotspot/share/prims/jni.cpp, line 520]
Event: 2,693 Thread 0x00007efb381e79e0 Exception <a 'sun/nio/fs/UnixException'{0x00000000eaf15cd0}> (0x00000000eaf15cd0) 
thrown [src/hotspot/share/prims/jni.cpp, line 520]
Event: 2,987 Thread 0x00007efb381e79e0 Exception <a 'java/lang/NoSuchMethodError'{0x00000000eb0dfbc8}: 'int java.lang.invoke.DirectMethodHandle$Holder.invokeSpecialIFC(java.lang.Object, java.lang.Object, java.lang.Object, java.lang.Object)'> (0x00000000eb0dfbc8) 
thrown [src/hotspot/share/interpreter/linkResolver.cpp, line 772]
Event: 2,990 Thread 0x00007efb381e79e0 Exception <a 'java/lang/NoSuchMethodError'{0x00000000eb2094b0}: 'java.lang.Object java.lang.invoke.DirectMethodHandle$Holder.newInvokeSpecial(java.lang.Object, java.lang.Object, int, int, java.lang.Object)'> (0x00000000eb2094b0) 
thrown [src/hotspot/share/interpreter/linkResolver.cpp, line 772]
Event: 3,022 Thread 0x00007efb08001080 Exception <a 'java/lang/NoSuchMethodError'{0x00000000eadc4270}: 'int java.lang.invoke.DirectMethodHandle$Holder.invokeInterface(java.lang.Object, java.lang.Object)'> (0x00000000eadc4270) 
thrown [src/hotspot/share/interpreter/linkResolver.cpp, line 772]
Event: 3,022 Thread 0x00007efb08001080 Exception <a 'java/lang/IncompatibleClassChangeError'{0x00000000eae35b10}: Found class java.lang.Object, but interface was expected> (0x00000000eae35b10) 
thrown [src/hotspot/share/interpreter/linkResolver.cpp, line 840]
Event: 3,101 Thread 0x00007efb08001080 Exception <a 'java/lang/NoSuchMethodError'{0x00000000eb2b8860}: 'int java.lang.invoke.Invokers$Holder.invokeExact_MT(java.lang.Object, java.lang.Object)'> (0x00000000eb2b8860) 
thrown [src/hotspot/share/interpreter/linkResolver.cpp, line 772]
Event: 3,223 Thread 0x00007efbe46cf7c0 Exception <a 'java/io/FileNotFoundException'{0x00000000ead23530}> (0x00000000ead23530) 
thrown [src/hotspot/share/prims/jni.cpp, line 520]
Event: 3,223 Thread 0x00007efbe46cf7c0 Exception <a 'java/io/FileNotFoundException'{0x00000000ead245a0}> (0x00000000ead245a0) 
thrown [src/hotspot/share/prims/jni.cpp, line 520]
Event: 3,242 Thread 0x00007efbe46cf7c0 Exception <a 'java/lang/IncompatibleClassChangeError'{0x00000000eae73208}: Found class java.lang.Object, but interface was expected> (0x00000000eae73208) 
thrown [src/hotspot/share/interpreter/linkResolver.cpp, line 840]
Event: 3,320 Thread 0x00007efbe46cf7c0 Exception <a 'java/lang/IncompatibleClassChangeError'{0x00000000eaffd6e8}: Found class java.lang.Object, but interface was expected> (0x00000000eaffd6e8) 
thrown [src/hotspot/share/interpreter/linkResolver.cpp, line 840]
Event: 3,326 Thread 0x00007efbe46cf7c0 Exception <a 'java/lang/IncompatibleClassChangeError'{0x00000000eab51880}: Found class java.lang.Object, but interface was expected> (0x00000000eab51880) 
thrown [src/hotspot/share/interpreter/linkResolver.cpp, line 840]
Event: 3,358 Thread 0x00007efbe46cf7c0 Exception <a 'java/lang/IncompatibleClassChangeError'{0x00000000eac65510}: Found class java.lang.Object, but interface was expected> (0x00000000eac65510) 
thrown [src/hotspot/share/interpreter/linkResolver.cpp, line 840]
Event: 3,685 Thread 0x00007efaf4857db0 Exception <a 'java/lang/NoSuchMethodError'{0x00000000eaec6510}: 'java.lang.Object java.lang.invoke.DirectMethodHandle$Holder.invokeSpecial(java.lang.Object, java.lang.Object, int, long)'> (0x00000000eaec6510) 
thrown [src/hotspot/share/interpreter/linkResolver.cpp, line 772]

ZGC Phase Switch (0 events):
No events

VM Operations (20 events):
Event: 5,411 Executing VM operation: ParallelGCFailedAllocation (Allocation Failure)
Event: 5,411 Executing VM operation: ParallelGCFailedAllocation (Allocation Failure) done
Event: 5,416 Executing VM operation: ParallelGCFailedAllocation (Allocation Failure)
Event: 5,417 Executing VM operation: ParallelGCFailedAllocation (Allocation Failure) done
Event: 5,425 Executing VM operation: ParallelGCFailedAllocation (Allocation Failure)
Event: 5,426 Executing VM operation: ParallelGCFailedAllocation (Allocation Failure) done
Event: 5,448 Executing VM operation: ParallelGCFailedAllocation (Allocation Failure)
Event: 5,449 Executing VM operation: ParallelGCFailedAllocation (Allocation Failure) done
Event: 5,456 Executing VM operation: ParallelGCFailedAllocation (Allocation Failure)
Event: 5,457 Executing VM operation: ParallelGCFailedAllocation (Allocation Failure) done
Event: 5,464 Executing VM operation: ParallelGCFailedAllocation (Allocation Failure)
Event: 5,465 Executing VM operation: ParallelGCFailedAllocation (Allocation Failure) done
Event: 5,473 Executing VM operation: ParallelGCFailedAllocation (Allocation Failure)
Event: 5,474 Executing VM operation: ParallelGCFailedAllocation (Allocation Failure) done
Event: 5,482 Executing VM operation: ParallelGCFailedAllocation (Allocation Failure)
Event: 5,484 Executing VM operation: ParallelGCFailedAllocation (Allocation Failure) done
Event: 5,494 Executing VM operation: ParallelGCFailedAllocation (Allocation Failure)
Event: 5,496 Executing VM operation: ParallelGCFailedAllocation (Allocation Failure) done
Event: 5,506 Executing VM operation: ParallelGCFailedAllocation (Allocation Failure)
Event: 5,508 Executing VM operation: ParallelGCFailedAllocation (Allocation Failure) done

Memory protections (20 events):
Event: 1,615 Protecting memory [0x00007efb815f7000,0x00007efb815fb000] with protection modes 0
Event: 1,623 Protecting memory [0x00007efb814f7000,0x00007efb814fb000] with protection modes 0
Event: 1,680 Protecting memory [0x00007efb81072000,0x00007efb81076000] with protection modes 0
Event: 1,680 Protecting memory [0x00007efb80f72000,0x00007efb80f76000] with protection modes 0
Event: 2,561 Protecting memory [0x00007efb813f7000,0x00007efb813fb000] with protection modes 0
Event: 2,689 Protecting memory [0x00007efb812f7000,0x00007efb812fb000] with protection modes 0
Event: 2,689 Protecting memory [0x00007efb811f7000,0x00007efb811fb000] with protection modes 0
Event: 2,689 Protecting memory [0x00007efb80e72000,0x00007efb80e76000] with protection modes 0
Event: 2,689 Protecting memory [0x00007efb80d72000,0x00007efb80d76000] with protection modes 0
Event: 2,689 Protecting memory [0x00007efb80c72000,0x00007efb80c76000] with protection modes 0
Event: 2,689 Protecting memory [0x00007efb80b72000,0x00007efb80b76000] with protection modes 0
Event: 2,689 Protecting memory [0x00007efb80a72000,0x00007efb80a76000] with protection modes 0
Event: 2,696 Protecting memory [0x00007efb80972000,0x00007efb80976000] with protection modes 0
Event: 2,934 Protecting memory [0x00007efb80872000,0x00007efb80876000] with protection modes 0
Event: 2,990 Protecting memory [0x00007efb80772000,0x00007efb80776000] with protection modes 0
Event: 3,264 Protecting memory [0x00007efb80672000,0x00007efb80676000] with protection modes 0
Event: 3,357 Protecting memory [0x00007efb80572000,0x00007efb80576000] with protection modes 0
Event: 3,689 Protecting memory [0x00007efb80472000,0x00007efb80476000] with protection modes 0
Event: 4,759 Protecting memory [0x00007efb82c00000,0x00007efb82c04000] with protection modes 0
Event: 4,759 Protecting memory [0x00007efb82e00000,0x00007efb82e04000] with protection modes 0

Nmethod flushes (20 events):
Event: 1,741 Thread 0x00007efbe41adbf0 flushing  nmethod 0x00007efbd5607010
Event: 1,741 Thread 0x00007efbe41adbf0 flushing  nmethod 0x00007efbd5607910
Event: 1,741 Thread 0x00007efbe41adbf0 flushing  nmethod 0x00007efbd5608210
Event: 1,741 Thread 0x00007efbe41adbf0 flushing  nmethod 0x00007efbd5609410
Event: 1,741 Thread 0x00007efbe41adbf0 flushing  nmethod 0x00007efbd5609c10
Event: 1,741 Thread 0x00007efbe41adbf0 flushing  nmethod 0x00007efbd560a390
Event: 1,741 Thread 0x00007efbe41adbf0 flushing  nmethod 0x00007efbd560b890
Event: 1,741 Thread 0x00007efbe41adbf0 flushing  nmethod 0x00007efbd560bd90
Event: 1,741 Thread 0x00007efbe41adbf0 flushing  nmethod 0x00007efbd560ca90
Event: 1,741 Thread 0x00007efbe41adbf0 flushing  nmethod 0x00007efbd560ce90
Event: 1,741 Thread 0x00007efbe41adbf0 flushing  nmethod 0x00007efbd560df10
Event: 1,741 Thread 0x00007efbe41adbf0 flushing  nmethod 0x00007efbd560e410
Event: 1,741 Thread 0x00007efbe41adbf0 flushing  nmethod 0x00007efbd560ef90
Event: 1,741 Thread 0x00007efbe41adbf0 flushing  nmethod 0x00007efbd5610090
Event: 1,741 Thread 0x00007efbe41adbf0 flushing  nmethod 0x00007efbd5610390
Event: 1,741 Thread 0x00007efbe41adbf0 flushing  nmethod 0x00007efbd5626690
Event: 1,741 Thread 0x00007efbe41adbf0 flushing  nmethod 0x00007efbd5638f90
Event: 1,741 Thread 0x00007efbe41adbf0 flushing  nmethod 0x00007efbd5645810
Event: 1,741 Thread 0x00007efbe41adbf0 flushing  nmethod 0x00007efbd5653190
Event: 1,741 Thread 0x00007efbe41adbf0 flushing  nmethod 0x00007efbd568ab10

Events (20 events):
Event: 1,679 Thread 0x00007efbe402a900 Thread added: 0x00007efbe46ce650
Event: 1,680 Thread 0x00007efbe402a900 Thread added: 0x00007efbe46cf7c0
Event: 2,561 Thread 0x00007efb0400b140 Thread added: 0x00007efaf4857db0
Event: 2,688 Thread 0x00007efb381e79e0 Thread added: 0x00007efb040cd8b0
Event: 2,689 Thread 0x00007efb040cd8b0 Thread added: 0x00007efad4009970
Event: 2,689 Thread 0x00007efb040cd8b0 Thread added: 0x00007efad4001cb0
Event: 2,689 Thread 0x00007efad4009970 Thread added: 0x00007efad8009970
Event: 2,689 Thread 0x00007efad4009970 Thread added: 0x00007efad8001930
Event: 2,689 Thread 0x00007efad4001cb0 Thread added: 0x00007efacc001930
Event: 2,689 Thread 0x00007efad8009970 Thread added: 0x00007efad0009970
Event: 2,696 Thread 0x00007efb381e79e0 Thread added: 0x00007efb040d2dc0
Event: 2,934 Thread 0x00007efb381e79e0 Thread added: 0x00007efb04198820
Event: 2,990 Thread 0x00007efb381e79e0 Thread added: 0x00007efb041a56f0
Event: 3,264 Thread 0x00007efbe46cf7c0 Thread added: 0x00007efaf00895f0
Event: 3,357 Thread 0x00007efbe46cf7c0 Thread added: 0x00007efaf0114bb0
Event: 3,689 Thread 0x00007efaf0114bb0 Thread added: 0x00007efab0001a00
Event: 4,507 Thread 0x00007efb6811ef40 Thread exited: 0x00007efb6811ef40
Event: 4,678 Thread 0x00007efb5c0a19f0 Thread exited: 0x00007efb5c0a19f0
Event: 4,759 Thread 0x00007efbe41c82b0 Thread added: 0x00007efb6930cbf0
Event: 4,759 Thread 0x00007efbe41c82b0 Thread added: 0x00007efb6930d330


Dynamic libraries:
c0000000-d7d80000 rw-p 00000000 00:00 0 
d7d80000-eab00000 ---p 00000000 00:00 0 
eab00000-ead80000 rw-p 00000000 00:00 0 
ead80000-100000000 ---p 00000000 00:00 0 
58c8c2039000-58c8c203a000 r-xp 00000000 103:04 2898797                   /home/viniciussaousa/.vscode/extensions/redhat.java-1.41.1-linux-x64/jre/21.0.6-linux-x86_64/bin/java
58c8c203b000-58c8c203c000 r--p 00001000 103:04 2898797                   /home/viniciussaousa/.vscode/extensions/redhat.java-1.41.1-linux-x64/jre/21.0.6-linux-x86_64/bin/java
58c8c203c000-58c8c203d000 rw-p 00002000 103:04 2898797                   /home/viniciussaousa/.vscode/extensions/redhat.java-1.41.1-linux-x64/jre/21.0.6-linux-x86_64/bin/java
58c8d3304000-58c8d334b000 rw-p 00000000 00:00 0                          [heap]
7efaa4000000-7efaa4021000 rw-p 00000000 00:00 0 
7efaa4021000-7efaa8000000 ---p 00000000 00:00 0 
7efaac000000-7efaac021000 rw-p 00000000 00:00 0 
7efaac021000-7efab0000000 ---p 00000000 00:00 0 
7efab0000000-7efab0021000 rw-p 00000000 00:00 0 
7efab0021000-7efab4000000 ---p 00000000 00:00 0 
7efab4000000-7efab4037000 rw-p 00000000 00:00 0 
7efab4037000-7efab8000000 ---p 00000000 00:00 0 
7efab8000000-7efab8021000 rw-p 00000000 00:00 0 
7efab8021000-7efabc000000 ---p 00000000 00:00 0 
7efabc000000-7efabc021000 rw-p 00000000 00:00 0 
7efabc021000-7efac0000000 ---p 00000000 00:00 0 
7efac0000000-7efac0021000 rw-p 00000000 00:00 0 
7efac0021000-7efac4000000 ---p 00000000 00:00 0 
7efac4000000-7efac4021000 rw-p 00000000 00:00 0 
7efac4021000-7efac8000000 ---p 00000000 00:00 0 
7efac8000000-7efac8021000 rw-p 00000000 00:00 0 
7efac8021000-7efacc000000 ---p 00000000 00:00 0 
7efacc000000-7efacc021000 rw-p 00000000 00:00 0 
7efacc021000-7efad0000000 ---p 00000000 00:00 0 
7efad0000000-7efad0021000 rw-p 00000000 00:00 0 
7efad0021000-7efad4000000 ---p 00000000 00:00 0 
7efad4000000-7efad4021000 rw-p 00000000 00:00 0 
7efad4021000-7efad8000000 ---p 00000000 00:00 0 
7efad8000000-7efad8021000 rw-p 00000000 00:00 0 
7efad8021000-7efadc000000 ---p 00000000 00:00 0 
7efadc000000-7efadc021000 rw-p 00000000 00:00 0 
7efadc021000-7efae0000000 ---p 00000000 00:00 0 
7efae3800000-7efaebe0d000 r--s 00000000 103:04 12336555                  /usr/lib/jvm/java-21-openjdk-amd64/lib/modules
7efaec000000-7efaec021000 rw-p 00000000 00:00 0 
7efaec021000-7efaf0000000 ---p 00000000 00:00 0 
7efaf0000000-7efaf0129000 rw-p 00000000 00:00 0 
7efaf0129000-7efaf4000000 ---p 00000000 00:00 0 
7efaf4000000-7efaf485d000 rw-p 00000000 00:00 0 
7efaf485d000-7efaf8000000 ---p 00000000 00:00 0 
7efaf8000000-7efaf8021000 rw-p 00000000 00:00 0 
7efaf8021000-7efafc000000 ---p 00000000 00:00 0 
7efafc000000-7efafc1e6000 rw-p 00000000 00:00 0 
7efafc1e6000-7efb00000000 ---p 00000000 00:00 0 
7efb00000000-7efb00246000 rw-p 00000000 00:00 0 
7efb00246000-7efb04000000 ---p 00000000 00:00 0 
7efb04000000-7efb041ee000 rw-p 00000000 00:00 0 
7efb041ee000-7efb08000000 ---p 00000000 00:00 0 
7efb08000000-7efb0810f000 rw-p 00000000 00:00 0 
7efb0810f000-7efb0c000000 ---p 00000000 00:00 0 
7efb0c000000-7efb0c021000 rw-p 00000000 00:00 0 
7efb0c021000-7efb10000000 ---p 00000000 00:00 0 
7efb10000000-7efb10021000 rw-p 00000000 00:00 0 
7efb10021000-7efb14000000 ---p 00000000 00:00 0 
7efb14000000-7efb14021000 rw-p 00000000 00:00 0 
7efb14021000-7efb18000000 ---p 00000000 00:00 0 
7efb18000000-7efb18021000 rw-p 00000000 00:00 0 
7efb18021000-7efb1c000000 ---p 00000000 00:00 0 
7efb1c000000-7efb1c021000 rw-p 00000000 00:00 0 
7efb1c021000-7efb20000000 ---p 00000000 00:00 0 
7efb20000000-7efb20021000 rw-p 00000000 00:00 0 
7efb20021000-7efb24000000 ---p 00000000 00:00 0 
7efb24000000-7efb24021000 rw-p 00000000 00:00 0 
7efb24021000-7efb28000000 ---p 00000000 00:00 0 
7efb28000000-7efb28021000 rw-p 00000000 00:00 0 
7efb28021000-7efb2c000000 ---p 00000000 00:00 0 
7efb2c000000-7efb2c021000 rw-p 00000000 00:00 0 
7efb2c021000-7efb30000000 ---p 00000000 00:00 0 
7efb30000000-7efb30021000 rw-p 00000000 00:00 0 
7efb30021000-7efb34000000 ---p 00000000 00:00 0 
7efb34000000-7efb34021000 rw-p 00000000 00:00 0 
7efb34021000-7efb38000000 ---p 00000000 00:00 0 
7efb38000000-7efb38a62000 rw-p 00000000 00:00 0 
7efb38a62000-7efb3c000000 ---p 00000000 00:00 0 
7efb3c000000-7efb3c021000 rw-p 00000000 00:00 0 
7efb3c021000-7efb40000000 ---p 00000000 00:00 0 
7efb40000000-7efb40022000 rw-p 00000000 00:00 0 
7efb40022000-7efb44000000 ---p 00000000 00:00 0 
7efb44000000-7efb44021000 rw-p 00000000 00:00 0 
7efb44021000-7efb48000000 ---p 00000000 00:00 0 
7efb48000000-7efb48021000 rw-p 00000000 00:00 0 
7efb48021000-7efb4c000000 ---p 00000000 00:00 0 
7efb4c000000-7efb4d60b000 rw-p 00000000 00:00 0 
7efb4d60b000-7efb50000000 ---p 00000000 00:00 0 
7efb50000000-7efb50021000 rw-p 00000000 00:00 0 
7efb50021000-7efb54000000 ---p 00000000 00:00 0 
7efb54000000-7efb558ba000 rw-p 00000000 00:00 0 
7efb558ba000-7efb58000000 ---p 00000000 00:00 0 
7efb58000000-7efb58021000 rw-p 00000000 00:00 0 
7efb58021000-7efb5c000000 ---p 00000000 00:00 0 
7efb5c000000-7efb5cba3000 rw-p 00000000 00:00 0 
7efb5cba3000-7efb60000000 ---p 00000000 00:00 0 
7efb60000000-7efb60021000 rw-p 00000000 00:00 0 
7efb60021000-7efb64000000 ---p 00000000 00:00 0 
7efb64000000-7efb64021000 rw-p 00000000 00:00 0 
7efb64021000-7efb68000000 ---p 00000000 00:00 0 
7efb68000000-7efb69e04000 rw-p 00000000 00:00 0 
7efb69e04000-7efb6c000000 ---p 00000000 00:00 0 
7efb6c000000-7efb6c021000 rw-p 00000000 00:00 0 
7efb6c021000-7efb70000000 ---p 00000000 00:00 0 
7efb70000000-7efb70021000 rw-p 00000000 00:00 0 
7efb70021000-7efb74000000 ---p 00000000 00:00 0 
7efb74000000-7efb74021000 rw-p 00000000 00:00 0 
7efb74021000-7efb78000000 ---p 00000000 00:00 0 
7efb78000000-7efb78021000 rw-p 00000000 00:00 0 
7efb78021000-7efb7c000000 ---p 00000000 00:00 0 
7efb7c000000-7efb7c021000 rw-p 00000000 00:00 0 
7efb7c021000-7efb80000000 ---p 00000000 00:00 0 
7efb8018d000-7efb80472000 rw-p 00000000 00:00 0 
7efb80472000-7efb80476000 ---p 00000000 00:00 0 
7efb80476000-7efb80572000 rw-p 00000000 00:00 0 
7efb80572000-7efb80576000 ---p 00000000 00:00 0 
7efb80576000-7efb80672000 rw-p 00000000 00:00 0 
7efb80672000-7efb80676000 ---p 00000000 00:00 0 
7efb80676000-7efb80772000 rw-p 00000000 00:00 0 
7efb80772000-7efb80776000 ---p 00000000 00:00 0 
7efb80776000-7efb80872000 rw-p 00000000 00:00 0 
7efb80872000-7efb80876000 ---p 00000000 00:00 0 
7efb80876000-7efb80972000 rw-p 00000000 00:00 0 
7efb80972000-7efb80976000 ---p 00000000 00:00 0 
7efb80976000-7efb80a72000 rw-p 00000000 00:00 0 
7efb80a72000-7efb80a76000 ---p 00000000 00:00 0 
7efb80a76000-7efb80b72000 rw-p 00000000 00:00 0 
7efb80b72000-7efb80b76000 ---p 00000000 00:00 0 
7efb80b76000-7efb80c72000 rw-p 00000000 00:00 0 
7efb80c72000-7efb80c76000 ---p 00000000 00:00 0 
7efb80c76000-7efb80d72000 rw-p 00000000 00:00 0 
7efb80d72000-7efb80d76000 ---p 00000000 00:00 0 
7efb80d76000-7efb80e72000 rw-p 00000000 00:00 0 
7efb80e72000-7efb80e76000 ---p 00000000 00:00 0 
7efb80e76000-7efb80f72000 rw-p 00000000 00:00 0 
7efb80f72000-7efb80f76000 ---p 00000000 00:00 0 
7efb80f76000-7efb81072000 rw-p 00000000 00:00 0 
7efb81072000-7efb81076000 ---p 00000000 00:00 0 
7efb81076000-7efb81172000 rw-p 00000000 00:00 0 
7efb811f7000-7efb811fb000 ---p 00000000 00:00 0 
7efb811fb000-7efb812f7000 rw-p 00000000 00:00 0 
7efb812f7000-7efb812fb000 ---p 00000000 00:00 0 
7efb812fb000-7efb813f7000 rw-p 00000000 00:00 0 
7efb813f7000-7efb813fb000 ---p 00000000 00:00 0 
7efb813fb000-7efb814f7000 rw-p 00000000 00:00 0 
7efb814f7000-7efb814fb000 ---p 00000000 00:00 0 
7efb814fb000-7efb815f7000 rw-p 00000000 00:00 0 
7efb815f7000-7efb815fb000 ---p 00000000 00:00 0 
7efb815fb000-7efb816f7000 rw-p 00000000 00:00 0 
7efb816f7000-7efb816fb000 ---p 00000000 00:00 0 
7efb816fb000-7efb817f7000 rw-p 00000000 00:00 0 
7efb817f7000-7efb817fb000 ---p 00000000 00:00 0 
7efb817fb000-7efb818f7000 rw-p 00000000 00:00 0 
7efb818f7000-7efb818fb000 ---p 00000000 00:00 0 
7efb818fb000-7efb819f7000 rw-p 00000000 00:00 0 
7efb819f7000-7efb819fb000 ---p 00000000 00:00 0 
7efb819fb000-7efb81af7000 rw-p 00000000 00:00 0 
7efb81af7000-7efb81af8000 ---p 00000000 00:00 0 
7efb81af8000-7efb81bf8000 rw-p 00000000 00:00 0 
7efb81bf8000-7efb81bf9000 ---p 00000000 00:00 0 
7efb81bf9000-7efb81cf9000 rw-p 00000000 00:00 0 
7efb81cf9000-7efb81cfd000 ---p 00000000 00:00 0 
7efb81cfd000-7efb81df9000 rw-p 00000000 00:00 0 
7efb81df9000-7efb81dfa000 ---p 00000000 00:00 0 
7efb81dfa000-7efb81efa000 rw-p 00000000 00:00 0 
7efb81efa000-7efb81efb000 ---p 00000000 00:00 0 
7efb81efb000-7efb81ffb000 rw-p 00000000 00:00 0 
7efb81ffb000-7efb81fff000 ---p 00000000 00:00 0 
7efb81fff000-7efb820fb000 rw-p 00000000 00:00 0 
7efb820fb000-7efb820ff000 ---p 00000000 00:00 0 
7efb820ff000-7efb821fb000 rw-p 00000000 00:00 0 
7efb821fb000-7efb821fc000 ---p 00000000 00:00 0 
7efb821fc000-7efb822fc000 rw-p 00000000 00:00 0 
7efb822fc000-7efb82300000 ---p 00000000 00:00 0 
7efb82300000-7efb823fc000 rw-p 00000000 00:00 0 
7efb823fc000-7efb823fd000 ---p 00000000 00:00 0 
7efb823fd000-7efb824fd000 rw-p 00000000 00:00 0 
7efb824fd000-7efb82501000 ---p 00000000 00:00 0 
7efb82501000-7efb825fd000 rw-p 00000000 00:00 0 
7efb825fd000-7efb82601000 ---p 00000000 00:00 0 
7efb82601000-7efb826fd000 rw-p 00000000 00:00 0 
7efb826fd000-7efb82701000 ---p 00000000 00:00 0 
7efb82701000-7efb827fd000 rw-p 00000000 00:00 0 
7efb827fd000-7efb82801000 ---p 00000000 00:00 0 
7efb82801000-7efb828fd000 rw-p 00000000 00:00 0 
7efb828fd000-7efb828fe000 ---p 00000000 00:00 0 
7efb828fe000-7efb829fe000 rw-p 00000000 00:00 0 
7efb829fe000-7efb829ff000 ---p 00000000 00:00 0 
7efb829ff000-7efb82aff000 rw-p 00000000 00:00 0 
7efb82aff000-7efb82b00000 ---p 00000000 00:00 0 
7efb82b00000-7efb82c00000 rw-p 00000000 00:00 0 
7efb82c00000-7efb82c04000 ---p 00000000 00:00 0 
7efb82c04000-7efb82d00000 rw-p 00000000 00:00 0 
7efb82d00000-7efb82d04000 ---p 00000000 00:00 0 
7efb82d04000-7efb82e00000 rw-p 00000000 00:00 0 
7efb82e00000-7efb82e04000 ---p 00000000 00:00 0 
7efb82e04000-7efb82f00000 rw-p 00000000 00:00 0 
7efb82f00000-7efb82f04000 ---p 00000000 00:00 0 
7efb82f04000-7efb83000000 rw-p 00000000 00:00 0 
7efb83000000-7efb833f0000 rw-p 00000000 00:00 0 
7efb833f0000-7efb838f0000 rw-p 00000000 00:00 0 
7efb838f0000-7efb839f0000 rw-p 00000000 00:00 0 
7efb839f0000-7efb83af0000 rw-p 00000000 00:00 0 
7efb83af0000-7efb83bf0000 rw-p 00000000 00:00 0 
7efb83bf0000-7efb84170000 rw-p 00000000 00:00 0 
7efb84170000-7efb841f0000 rw-p 00000000 00:00 0 
7efb841f0000-7efb847b0000 rw-p 00000000 00:00 0 
7efb847b0000-7efb848f0000 rw-p 00000000 00:00 0 
7efb848f0000-7efb849f0000 rw-p 00000000 00:00 0 
7efb849f0000-7efb84cf0000 rw-p 00000000 00:00 0 
7efb84cf0000-7efb84df0000 rw-p 00000000 00:00 0 
7efb84df0000-7efb85970000 rw-p 00000000 00:00 0 
7efb85970000-7efb859f0000 rw-p 00000000 00:00 0 
7efb859f0000-7efb85a00000 ---p 00000000 00:00 0 
7efb85a00000-7efb86350000 rw-p 00000000 00:00 0 
7efb86350000-7efb87000000 ---p 00000000 00:00 0 
7efb87082000-7efb87086000 ---p 00000000 00:00 0 
7efb87086000-7efb87182000 rw-p 00000000 00:00 0 
7efb87182000-7efb87186000 ---p 00000000 00:00 0 
7efb87186000-7efb87282000 rw-p 00000000 00:00 0 
7efb87282000-7efb87286000 ---p 00000000 00:00 0 
7efb87286000-7efb87382000 rw-p 00000000 00:00 0 
7efb87382000-7efb87386000 ---p 00000000 00:00 0 
7efb87386000-7efb87482000 rw-p 00000000 00:00 0 
7efb87482000-7efb87486000 ---p 00000000 00:00 0 
7efb87486000-7efb87582000 rw-p 00000000 00:00 0 
7efb87582000-7efb87586000 ---p 00000000 00:00 0 
7efb87586000-7efb87682000 rw-p 00000000 00:00 0 
7efb87682000-7efb87686000 ---p 00000000 00:00 0 
7efb87686000-7efb87782000 rw-p 00000000 00:00 0 
7efb87782000-7efb879fa000 r--p 00000000 07:05 188                        /snap/code/190/usr/lib/locale/aa_DJ.utf8/LC_COLLATE
7efb879fa000-7efb879fb000 ---p 00000000 00:00 0 
7efb879fb000-7efb87afb000 rw-p 00000000 00:00 0 
7efb87afb000-7efb88021000 rw-p 00000000 00:00 0 
7efb88021000-7efb8c000000 ---p 00000000 00:00 0 
7efb8c0f1000-7efb8d000000 rw-p 00000000 00:00 0 
7efb8d000000-7efb8dbb6000 rw-p 00001000 103:04 2901333                   /home/viniciussaousa/.vscode/extensions/redhat.java-1.41.1-linux-x64/jre/21.0.6-linux-x86_64/lib/server/classes.jsa
7efb8dbb6000-7efb8e000000 ---p 00000000 00:00 0 
7efb8e000000-7efb8e030000 rw-p 00000000 00:00 0 
7efb8e030000-7efb8e0f0000 rw-p 00000000 00:00 0 
7efb8e0f0000-7efb8e230000 rw-p 00000000 00:00 0 
7efb8e230000-7efb8e270000 rw-p 00000000 00:00 0 
7efb8e270000-7efb8e4e0000 rw-p 00000000 00:00 0 
7efb8e4e0000-7efb8e500000 ---p 00000000 00:00 0 
7efb8e500000-7efb8e690000 rw-p 00000000 00:00 0 
7efb8e690000-7efbce000000 ---p 00000000 00:00 0 
7efbce000000-7efbd0021000 rw-p 00000000 00:00 0 
7efbd0021000-7efbd4000000 ---p 00000000 00:00 0 
7efbd40f5000-7efbd4aff000 rw-p 00000000 00:00 0 
7efbd4aff000-7efbd4b00000 ---p 00000000 00:00 0 
7efbd4b00000-7efbd4c00000 rw-p 00000000 00:00 0 
7efbd4c00000-7efbd4e00000 rw-p 00000000 00:00 0 
7efbd4e56000-7efbd4eaa000 r--p 00000000 07:05 189                        /snap/code/190/usr/lib/locale/aa_DJ.utf8/LC_CTYPE
7efbd4eaa000-7efbd4f69000 rw-p 00000000 00:00 0 
7efbd4f69000-7efbd5000000 ---p 00000000 00:00 0 
7efbd5000000-7efbd5f00000 rwxp 00000000 00:00 0 
7efbd5f00000-7efbdc537000 ---p 00000000 00:00 0 
7efbdc537000-7efbdc7a7000 rwxp 00000000 00:00 0 
7efbdc7a7000-7efbdcac9000 ---p 00000000 00:00 0 
7efbdcac9000-7efbdcfe9000 rwxp 00000000 00:00 0 
7efbdcfe9000-7efbe4000000 ---p 00000000 00:00 0 
7efbe4000000-7efbe46dd000 rw-p 00000000 00:00 0 
7efbe46dd000-7efbe8000000 ---p 00000000 00:00 0 
7efbe8038000-7efbe803c000 r--p 00000000 103:04 3675471                   /home/viniciussaousa/.config/Code/User/globalStorage/redhat.java/1.41.1/config_linux/org.eclipse.equinox.launcher/org.eclipse.equinox.launcher.gtk.linux.x86_64_1.2.1400.v20250331-1702/eclipse_11911.so
7efbe803c000-7efbe8046000 r-xp 00004000 103:04 3675471                   /home/viniciussaousa/.config/Code/User/globalStorage/redhat.java/1.41.1/config_linux/org.eclipse.equinox.launcher/org.eclipse.equinox.launcher.gtk.linux.x86_64_1.2.1400.v20250331-1702/eclipse_11911.so
7efbe8046000-7efbe8049000 r--p 0000e000 103:04 3675471                   /home/viniciussaousa/.config/Code/User/globalStorage/redhat.java/1.41.1/config_linux/org.eclipse.equinox.launcher/org.eclipse.equinox.launcher.gtk.linux.x86_64_1.2.1400.v20250331-1702/eclipse_11911.so
7efbe8049000-7efbe804a000 r--p 00010000 103:04 3675471                   /home/viniciussaousa/.config/Code/User/globalStorage/redhat.java/1.41.1/config_linux/org.eclipse.equinox.launcher/org.eclipse.equinox.launcher.gtk.linux.x86_64_1.2.1400.v20250331-1702/eclipse_11911.so
7efbe804a000-7efbe804b000 rw-p 00011000 103:04 3675471                   /home/viniciussaousa/.config/Code/User/globalStorage/redhat.java/1.41.1/config_linux/org.eclipse.equinox.launcher/org.eclipse.equinox.launcher.gtk.linux.x86_64_1.2.1400.v20250331-1702/eclipse_11911.so
7efbe804b000-7efbe8128000 rw-p 00000000 00:00 0 
7efbe8128000-7efbe8129000 ---p 00000000 00:00 0 
7efbe8129000-7efbe8229000 rw-p 00000000 00:00 0 
7efbe8229000-7efbe82e8000 rw-p 00000000 00:00 0 
7efbe82e8000-7efbe837e000 ---p 00000000 00:00 0 
7efbe837e000-7efbe8380000 rw-p 00000000 00:00 0 
7efbe8380000-7efbe842a000 ---p 00000000 00:00 0 
7efbe842a000-7efbe8435000 rw-p 00000000 00:00 0 
7efbe8435000-7efbe8515000 ---p 00000000 00:00 0 
7efbe8515000-7efbe8533000 rw-p 00000000 00:00 0 
7efbe8533000-7efbe8600000 ---p 00000000 00:00 0 
7efbe8600000-7efbeb7c7000 r--s 00000000 103:04 2900652                   /home/viniciussaousa/.vscode/extensions/redhat.java-1.41.1-linux-x64/jre/21.0.6-linux-x86_64/lib/modules
7efbeb7d5000-7efbeb7f9000 r--p 00000000 103:04 14422340                  /usr/share/locale-langpack/pt_BR/LC_MESSAGES/libc.mo
7efbeb7f9000-7efbeb806000 r-xp 00000000 103:04 2900650                   /home/viniciussaousa/.vscode/extensions/redhat.java-1.41.1-linux-x64/jre/21.0.6-linux-x86_64/lib/libverify.so
7efbeb806000-7efbeb808000 r--p 0000c000 103:04 2900650                   /home/viniciussaousa/.vscode/extensions/redhat.java-1.41.1-linux-x64/jre/21.0.6-linux-x86_64/lib/libverify.so
7efbeb808000-7efbeb809000 rw-p 0000e000 103:04 2900650                   /home/viniciussaousa/.vscode/extensions/redhat.java-1.41.1-linux-x64/jre/21.0.6-linux-x86_64/lib/libverify.so
7efbeb809000-7efbeb815000 r-xp 00000000 103:04 2900640                   /home/viniciussaousa/.vscode/extensions/redhat.java-1.41.1-linux-x64/jre/21.0.6-linux-x86_64/lib/libnet.so
7efbeb815000-7efbeb816000 r--p 0000b000 103:04 2900640                   /home/viniciussaousa/.vscode/extensions/redhat.java-1.41.1-linux-x64/jre/21.0.6-linux-x86_64/lib/libnet.so
7efbeb816000-7efbeb817000 rw-p 0000c000 103:04 2900640                   /home/viniciussaousa/.vscode/extensions/redhat.java-1.41.1-linux-x64/jre/21.0.6-linux-x86_64/lib/libnet.so
7efbeb817000-7efbeb81b000 ---p 00000000 00:00 0 
7efbeb81b000-7efbeb917000 rw-p 00000000 00:00 0 
7efbeb917000-7efbeb927000 r--p 00000000 103:04 12330714                  /usr/lib/x86_64-linux-gnu/libm.so.6
7efbeb927000-7efbeb9a6000 r-xp 00010000 103:04 12330714                  /usr/lib/x86_64-linux-gnu/libm.so.6
7efbeb9a6000-7efbeb9fe000 r--p 0008f000 103:04 12330714                  /usr/lib/x86_64-linux-gnu/libm.so.6
7efbeb9fe000-7efbeb9ff000 r--p 000e7000 103:04 12330714                  /usr/lib/x86_64-linux-gnu/libm.so.6
7efbeb9ff000-7efbeba00000 rw-p 000e8000 103:04 12330714                  /usr/lib/x86_64-linux-gnu/libm.so.6
7efbeba00000-7efbece0f000 r-xp 00000000 103:04 2901537                   /home/viniciussaousa/.vscode/extensions/redhat.java-1.41.1-linux-x64/jre/21.0.6-linux-x86_64/lib/server/libjvm.so
7efbece0f000-7efbecee3000 r--p 0140e000 103:04 2901537                   /home/viniciussaousa/.vscode/extensions/redhat.java-1.41.1-linux-x64/jre/21.0.6-linux-x86_64/lib/server/libjvm.so
7efbecee3000-7efbecf13000 rw-p 014e2000 103:04 2901537                   /home/viniciussaousa/.vscode/extensions/redhat.java-1.41.1-linux-x64/jre/21.0.6-linux-x86_64/lib/server/libjvm.so
7efbecf13000-7efbecf79000 rw-p 00000000 00:00 0 
7efbecf81000-7efbecf95000 r-xp 00000000 103:04 2900642                   /home/viniciussaousa/.vscode/extensions/redhat.java-1.41.1-linux-x64/jre/21.0.6-linux-x86_64/lib/libnio.so
7efbecf95000-7efbecf96000 r--p 00013000 103:04 2900642                   /home/viniciussaousa/.vscode/extensions/redhat.java-1.41.1-linux-x64/jre/21.0.6-linux-x86_64/lib/libnio.so
7efbecf96000-7efbecf97000 rw-p 00014000 103:04 2900642                   /home/viniciussaousa/.vscode/extensions/redhat.java-1.41.1-linux-x64/jre/21.0.6-linux-x86_64/lib/libnio.so
7efbecf97000-7efbecfb2000 r-xp 00000000 103:04 2900651                   /home/viniciussaousa/.vscode/extensions/redhat.java-1.41.1-linux-x64/jre/21.0.6-linux-x86_64/lib/libzip.so
7efbecfb2000-7efbecfb3000 r--p 0001a000 103:04 2900651                   /home/viniciussaousa/.vscode/extensions/redhat.java-1.41.1-linux-x64/jre/21.0.6-linux-x86_64/lib/libzip.so
7efbecfb3000-7efbecfb4000 rw-p 0001b000 103:04 2900651                   /home/viniciussaousa/.vscode/extensions/redhat.java-1.41.1-linux-x64/jre/21.0.6-linux-x86_64/lib/libzip.so
7efbecfb4000-7efbecfb5000 r--p 00000000 07:05 280                        /snap/code/190/usr/lib/locale/agr_PE/LC_NUMERIC
7efbecfb5000-7efbecfb6000 r--p 00000000 07:05 5477                       /snap/code/190/usr/lib/locale/pt_BR.utf8/LC_TIME
7efbecfb6000-7efbecfb7000 r--p 00000000 07:05 5472                       /snap/code/190/usr/lib/locale/pt_BR.utf8/LC_MONETARY
7efbecfb7000-7efbecfb8000 r--p 00000000 07:05 5471                       /snap/code/190/usr/lib/locale/pt_BR.utf8/LC_MESSAGES/SYS_LC_MESSAGES
7efbecfb8000-7efbecfbf000 r--s 00000000 103:04 12984852                  /usr/lib/x86_64-linux-gnu/gconv/gconv-modules.cache
7efbecfbf000-7efbed000000 rw-p 00000000 00:00 0 
7efbed000000-7efbed028000 r--p 00000000 103:04 12321666                  /usr/lib/x86_64-linux-gnu/libc.so.6
7efbed028000-7efbed1b0000 r-xp 00028000 103:04 12321666                  /usr/lib/x86_64-linux-gnu/libc.so.6
7efbed1b0000-7efbed1ff000 r--p 001b0000 103:04 12321666                  /usr/lib/x86_64-linux-gnu/libc.so.6
7efbed1ff000-7efbed203000 r--p 001fe000 103:04 12321666                  /usr/lib/x86_64-linux-gnu/libc.so.6
7efbed203000-7efbed205000 rw-p 00202000 103:04 12321666                  /usr/lib/x86_64-linux-gnu/libc.so.6
7efbed205000-7efbed212000 rw-p 00000000 00:00 0 
7efbed212000-7efbed213000 r--p 00000000 07:05 197                        /snap/code/190/usr/lib/locale/aa_DJ.utf8/LC_PAPER
7efbed213000-7efbed214000 r--p 00000000 07:05 279                        /snap/code/190/usr/lib/locale/agr_PE/LC_NAME
7efbed214000-7efbed215000 r--p 00000000 07:05 5465                       /snap/code/190/usr/lib/locale/pt_BR.utf8/LC_ADDRESS
7efbed215000-7efbed216000 r--p 00000000 07:05 5476                       /snap/code/190/usr/lib/locale/pt_BR.utf8/LC_TELEPHONE
7efbed216000-7efbed22f000 rw-p 00000000 00:00 0 
7efbed22f000-7efbed236000 ---p 00000000 00:00 0 
7efbed236000-7efbed256000 r-xp 00000000 103:04 2900624                   /home/viniciussaousa/.vscode/extensions/redhat.java-1.41.1-linux-x64/jre/21.0.6-linux-x86_64/lib/libjava.so
7efbed256000-7efbed257000 ---p 00020000 103:04 2900624                   /home/viniciussaousa/.vscode/extensions/redhat.java-1.41.1-linux-x64/jre/21.0.6-linux-x86_64/lib/libjava.so
7efbed257000-7efbed258000 r--p 00020000 103:04 2900624                   /home/viniciussaousa/.vscode/extensions/redhat.java-1.41.1-linux-x64/jre/21.0.6-linux-x86_64/lib/libjava.so
7efbed258000-7efbed259000 rw-p 00021000 103:04 2900624                   /home/viniciussaousa/.vscode/extensions/redhat.java-1.41.1-linux-x64/jre/21.0.6-linux-x86_64/lib/libjava.so
7efbed259000-7efbed25a000 rw-p 00000000 00:00 0 
7efbed25a000-7efbed275000 r-xp 00000000 103:04 2900628                   /home/viniciussaousa/.vscode/extensions/redhat.java-1.41.1-linux-x64/jre/21.0.6-linux-x86_64/lib/libjimage.so
7efbed275000-7efbed276000 ---p 0001b000 103:04 2900628                   /home/viniciussaousa/.vscode/extensions/redhat.java-1.41.1-linux-x64/jre/21.0.6-linux-x86_64/lib/libjimage.so
7efbed276000-7efbed278000 r--p 0001b000 103:04 2900628                   /home/viniciussaousa/.vscode/extensions/redhat.java-1.41.1-linux-x64/jre/21.0.6-linux-x86_64/lib/libjimage.so
7efbed278000-7efbed279000 rw-p 0001d000 103:04 2900628                   /home/viniciussaousa/.vscode/extensions/redhat.java-1.41.1-linux-x64/jre/21.0.6-linux-x86_64/lib/libjimage.so
7efbed279000-7efbed27a000 r--p 00000000 103:04 12330725                  /usr/lib/x86_64-linux-gnu/librt.so.1
7efbed27a000-7efbed27b000 r-xp 00001000 103:04 12330725                  /usr/lib/x86_64-linux-gnu/librt.so.1
7efbed27b000-7efbed27c000 r--p 00002000 103:04 12330725                  /usr/lib/x86_64-linux-gnu/librt.so.1
7efbed27c000-7efbed27d000 r--p 00002000 103:04 12330725                  /usr/lib/x86_64-linux-gnu/librt.so.1
7efbed27d000-7efbed27e000 rw-p 00003000 103:04 12330725                  /usr/lib/x86_64-linux-gnu/librt.so.1
7efbed27e000-7efbed280000 rw-p 00000000 00:00 0 
7efbed280000-7efbed281000 r--p 00000000 103:04 12322952                  /usr/lib/x86_64-linux-gnu/libdl.so.2
7efbed281000-7efbed282000 r-xp 00001000 103:04 12322952                  /usr/lib/x86_64-linux-gnu/libdl.so.2
7efbed282000-7efbed283000 r--p 00002000 103:04 12322952                  /usr/lib/x86_64-linux-gnu/libdl.so.2
7efbed283000-7efbed284000 r--p 00002000 103:04 12322952                  /usr/lib/x86_64-linux-gnu/libdl.so.2
7efbed284000-7efbed285000 rw-p 00003000 103:04 12322952                  /usr/lib/x86_64-linux-gnu/libdl.so.2
7efbed285000-7efbed286000 r--p 00000000 103:04 12330723                  /usr/lib/x86_64-linux-gnu/libpthread.so.0
7efbed286000-7efbed287000 r-xp 00001000 103:04 12330723                  /usr/lib/x86_64-linux-gnu/libpthread.so.0
7efbed287000-7efbed288000 r--p 00002000 103:04 12330723                  /usr/lib/x86_64-linux-gnu/libpthread.so.0
7efbed288000-7efbed289000 r--p 00002000 103:04 12330723                  /usr/lib/x86_64-linux-gnu/libpthread.so.0
7efbed289000-7efbed28a000 rw-p 00003000 103:04 12330723                  /usr/lib/x86_64-linux-gnu/libpthread.so.0
7efbed28a000-7efbed28b000 r--p 00000000 07:05 191                        /snap/code/190/usr/lib/locale/aa_DJ.utf8/LC_MEASUREMENT
7efbed28b000-7efbed28c000 r--p 00000000 07:05 5468                       /snap/code/190/usr/lib/locale/pt_BR.utf8/LC_IDENTIFICATION
7efbed28c000-7efbed294000 rw-s 00000000 103:04 4850277                   /tmp/hsperfdata_viniciussaousa/7764
7efbed294000-7efbed29e000 r-xp 00000000 103:04 2900619                   /home/viniciussaousa/.vscode/extensions/redhat.java-1.41.1-linux-x64/jre/21.0.6-linux-x86_64/lib/libinstrument.so
7efbed29e000-7efbed29f000 ---p 0000a000 103:04 2900619                   /home/viniciussaousa/.vscode/extensions/redhat.java-1.41.1-linux-x64/jre/21.0.6-linux-x86_64/lib/libinstrument.so
7efbed29f000-7efbed2a0000 r--p 0000a000 103:04 2900619                   /home/viniciussaousa/.vscode/extensions/redhat.java-1.41.1-linux-x64/jre/21.0.6-linux-x86_64/lib/libinstrument.so
7efbed2a0000-7efbed2a1000 rw-p 0000b000 103:04 2900619                   /home/viniciussaousa/.vscode/extensions/redhat.java-1.41.1-linux-x64/jre/21.0.6-linux-x86_64/lib/libinstrument.so
7efbed2a1000-7efbed2a2000 ---p 00000000 00:00 0 
7efbed2a2000-7efbed2a3000 r--p 00000000 00:00 0 
7efbed2a3000-7efbed2a4000 ---p 00000000 00:00 0 
7efbed2a4000-7efbed2bd000 r-xp 00000000 103:04 2900629                   /home/viniciussaousa/.vscode/extensions/redhat.java-1.41.1-linux-x64/jre/21.0.6-linux-x86_64/lib/libjli.so
7efbed2bd000-7efbed2be000 r--p 00018000 103:04 2900629                   /home/viniciussaousa/.vscode/extensions/redhat.java-1.41.1-linux-x64/jre/21.0.6-linux-x86_64/lib/libjli.so
7efbed2be000-7efbed2bf000 rw-p 00019000 103:04 2900629                   /home/viniciussaousa/.vscode/extensions/redhat.java-1.41.1-linux-x64/jre/21.0.6-linux-x86_64/lib/libjli.so
7efbed2bf000-7efbed2c1000 rw-p 00000000 00:00 0 
7efbed2c1000-7efbed2c2000 r--p 00000000 103:04 12321537                  /usr/lib/x86_64-linux-gnu/ld-linux-x86-64.so.2
7efbed2c2000-7efbed2ed000 r-xp 00001000 103:04 12321537                  /usr/lib/x86_64-linux-gnu/ld-linux-x86-64.so.2
7efbed2ed000-7efbed2f7000 r--p 0002c000 103:04 12321537                  /usr/lib/x86_64-linux-gnu/ld-linux-x86-64.so.2
7efbed2f7000-7efbed2f9000 r--p 00036000 103:04 12321537                  /usr/lib/x86_64-linux-gnu/ld-linux-x86-64.so.2
7efbed2f9000-7efbed2fb000 rw-p 00038000 103:04 12321537                  /usr/lib/x86_64-linux-gnu/ld-linux-x86-64.so.2
7ffe62cbb000-7ffe62cde000 rw-p 00000000 00:00 0                          [stack]
7ffe62d2a000-7ffe62d2e000 r--p 00000000 00:00 0                          [vvar]
7ffe62d2e000-7ffe62d30000 r-xp 00000000 00:00 0                          [vdso]
ffffffffff600000-ffffffffff601000 --xp 00000000 00:00 0                  [vsyscall]
Total number of mappings: 369


VM Arguments:
jvm_args: --add-modules=ALL-SYSTEM --add-opens=java.base/java.util=ALL-UNNAMED --add-opens=java.base/java.lang=ALL-UNNAMED --add-opens=java.base/sun.nio.fs=ALL-UNNAMED -Declipse.application=org.eclipse.jdt.ls.core.id1 -Dosgi.bundles.defaultStartLevel=4 -Declipse.product=org.eclipse.jdt.ls.core.product -Djava.import.generatesMetadataFilesAtProjectRoot=false -DDetectVMInstallationsJob.disabled=true -Dfile.encoding=utf8 -XX:+UseParallelGC -XX:GCTimeRatio=4 -XX:AdaptiveSizePolicyWeight=90 -Dsun.zip.disableMemoryMapping=true -Xmx1G -Xms100m -Xlog:disable -javaagent:/home/viniciussaousa/.vscode/extensions/redhat.java-1.41.1-linux-x64/lombok/lombok-1.18.36.jar -XX:+HeapDumpOnOutOfMemoryError -XX:HeapDumpPath=/home/viniciussaousa/.config/Code/User/workspaceStorage/6b335816540215a403441bc9cf588808/redhat.java -Daether.dependencyCollector.impl=bf 
java_command: /home/viniciussaousa/.vscode/extensions/redhat.java-1.41.1-linux-x64/server/plugins/org.eclipse.equinox.launcher_1.7.0.v20250331-1702.jar -configuration /home/viniciussaousa/.config/Code/User/globalStorage/redhat.java/1.41.1/config_linux -data /home/viniciussaousa/.config/Code/User/workspaceStorage/6b335816540215a403441bc9cf588808/redhat.java/jdt_ws --pipe=/run/user/1000/lsp-a2a4e7a4cf4245022253a36a5f826743.sock
java_class_path (initial): /home/viniciussaousa/.vscode/extensions/redhat.java-1.41.1-linux-x64/server/plugins/org.eclipse.equinox.launcher_1.7.0.v20250331-1702.jar
Launcher Type: SUN_STANDARD

[Global flags]
    uintx AdaptiveSizePolicyWeight                 = 90                                        {product} {command line}
     intx CICompilerCount                          = 4                                         {product} {ergonomic}
    uintx GCTimeRatio                              = 4                                         {product} {command line}
     bool HeapDumpOnOutOfMemoryError               = true                                   {manageable} {command line}
    ccstr HeapDumpPath                             = /home/viniciussaousa/.config/Code/User/workspaceStorage/6b335816540215a403441bc9cf588808/redhat.java         {manageable} {command line}
   size_t InitialHeapSize                          = 104857600                                 {product} {command line}
   size_t MaxHeapSize                              = 1073741824                                {product} {command line}
   size_t MaxNewSize                               = 357564416                                 {product} {ergonomic}
   size_t MinHeapDeltaBytes                        = 524288                                    {product} {ergonomic}
   size_t MinHeapSize                              = 104857600                                 {product} {command line}
   size_t NewSize                                  = 34603008                                  {product} {ergonomic}
    uintx NonNMethodCodeHeapSize                   = 5839372                                {pd product} {ergonomic}
    uintx NonProfiledCodeHeapSize                  = 122909434                              {pd product} {ergonomic}
   size_t OldSize                                  = 70254592                                  {product} {ergonomic}
    uintx ProfiledCodeHeapSize                     = 122909434                              {pd product} {ergonomic}
    uintx ReservedCodeCacheSize                    = 251658240                              {pd product} {ergonomic}
     bool SegmentedCodeCache                       = true                                      {product} {ergonomic}
   size_t SoftMaxHeapSize                          = 1073741824                             {manageable} {ergonomic}
     bool UseCompressedOops                        = true                           {product lp64_product} {ergonomic}
     bool UseParallelGC                            = true                                      {product} {command line}

Logging:
Log output configuration:
 #0: stdout all=off uptime,level,tags foldmultilines=false
 #1: stderr all=off uptime,level,tags foldmultilines=false

Environment Variables:
PATH=/home/viniciussaousa/anaconda3/bin:/home/viniciussaousa/.nvm/versions/node/v20.16.0/bin:/home/viniciussaousa/.pyenv/plugins/pyenv-virtualenv/shims:/home/viniciussaousa/.pyenv/shims:/home/viniciussaousa/.pyenv/bin:/home/viniciussaousa/anaconda3/condabin:/home/viniciussaousa/.local/bin:/usr/local/sbin:/usr/local/bin:/usr/sbin:/usr/bin:/sbin:/bin:/usr/games:/usr/local/games:/snap/bin
SHELL=/bin/bash
DISPLAY=:0
LANG=pt_BR.UTF-8
LC_NUMERIC=pt_BR.UTF-8
LC_TIME=pt_BR.UTF-8
TERM=xterm-256color

Active Locale:
LC_ALL=pt_BR.UTF-8
LC_COLLATE=pt_BR.UTF-8
LC_CTYPE=pt_BR.UTF-8
LC_MESSAGES=pt_BR.UTF-8
LC_MONETARY=pt_BR.UTF-8
LC_NUMERIC=pt_BR.UTF-8
LC_TIME=pt_BR.UTF-8

Signal Handlers:
   SIGSEGV: crash_handler in libjvm.so, mask=11100100010111111101111111111110, flags=SA_RESTART|SA_SIGINFO, unblocked
    SIGBUS: crash_handler in libjvm.so, mask=11100100010111111101111111111110, flags=SA_RESTART|SA_SIGINFO, unblocked
    SIGFPE: crash_handler in libjvm.so, mask=11100100010111111101111111111110, flags=SA_RESTART|SA_SIGINFO, unblocked
   SIGPIPE: javaSignalHandler in libjvm.so, mask=11100100010111111101111111111110, flags=SA_RESTART|SA_SIGINFO, blocked
   SIGXFSZ: javaSignalHandler in libjvm.so, mask=11100100010111111101111111111110, flags=SA_RESTART|SA_SIGINFO, blocked
    SIGILL: crash_handler in libjvm.so, mask=11100100010111111101111111111110, flags=SA_RESTART|SA_SIGINFO, unblocked
   SIGUSR2: SR_handler in libjvm.so, mask=00000000000000000000000000000000, flags=SA_RESTART|SA_SIGINFO, blocked
    SIGHUP: UserHandler in libjvm.so, mask=11100100010111111101111111111110, flags=SA_RESTART|SA_SIGINFO, blocked
    SIGINT: UserHandler in libjvm.so, mask=11100100010111111101111111111110, flags=SA_RESTART|SA_SIGINFO, blocked
   SIGTERM: UserHandler in libjvm.so, mask=11100100010111111101111111111110, flags=SA_RESTART|SA_SIGINFO, blocked
   SIGQUIT: UserHandler in libjvm.so, mask=11100100010111111101111111111110, flags=SA_RESTART|SA_SIGINFO, blocked
   SIGTRAP: crash_handler in libjvm.so, mask=11100100010111111101111111111110, flags=SA_RESTART|SA_SIGINFO, unblocked


Periodic native trim disabled

---------------  S Y S T E M  ---------------

OS:
DISTRIB_ID=Ubuntu
DISTRIB_RELEASE=24.04
DISTRIB_CODENAME=noble
DISTRIB_DESCRIPTION="Ubuntu 24.04.2 LTS"
uname: Linux 6.8.0-58-generic #60-Ubuntu SMP PREEMPT_DYNAMIC Fri Mar 14 18:29:48 UTC 2025 x86_64
OS uptime: 0 days 0:35 hours
libc: glibc 2.39 NPTL 2.39 
rlimit (soft/hard): STACK 8192k/infinity , CORE 0k/infinity , NPROC 62780/62780 , NOFILE 1048576/1048576 , AS infinity/infinity , CPU infinity/infinity , DATA infinity/infinity , FSIZE infinity/infinity , MEMLOCK 2018332k/2018332k
load average: 2,23 0,86 0,58

/proc/meminfo:
MemTotal:       16146672 kB
MemFree:         7314812 kB
MemAvailable:   10139320 kB
Buffers:          187992 kB
Cached:          3462700 kB
SwapCached:            0 kB
Active:          6003044 kB
Inactive:        1377784 kB
Active(anon):    4374204 kB
Inactive(anon):        0 kB
Active(file):    1628840 kB
Inactive(file):  1377784 kB
Unevictable:      430576 kB
Mlocked:              80 kB
SwapTotal:       2097148 kB
SwapFree:        2097148 kB
Zswap:                 0 kB
Zswapped:              0 kB
Dirty:             59996 kB
Writeback:             0 kB
AnonPages:       4160732 kB
Mapped:           995800 kB
Shmem:            644064 kB
KReclaimable:     152204 kB
Slab:             468392 kB
SReclaimable:     152204 kB
SUnreclaim:       316188 kB
KernelStack:       28400 kB
PageTables:        75516 kB
SecPageTables:         0 kB
NFS_Unstable:          0 kB
Bounce:                0 kB
WritebackTmp:          0 kB
CommitLimit:    10170484 kB
Committed_AS:   22409048 kB
VmallocTotal:   34359738367 kB
VmallocUsed:      137768 kB
VmallocChunk:          0 kB
Percpu:            12912 kB
HardwareCorrupted:     0 kB
AnonHugePages:         0 kB
ShmemHugePages:        0 kB
ShmemPmdMapped:        0 kB
FileHugePages:         0 kB
FilePmdMapped:         0 kB
Unaccepted:            0 kB
HugePages_Total:       0
HugePages_Free:        0
HugePages_Rsvd:        0
HugePages_Surp:        0
Hugepagesize:       2048 kB
Hugetlb:               0 kB
DirectMap4k:      653456 kB
DirectMap2M:     8554496 kB
DirectMap1G:     8388608 kB

/sys/kernel/mm/transparent_hugepage/enabled: always [madvise] never
/sys/kernel/mm/transparent_hugepage/hpage_pmd_size: 2097152
/sys/kernel/mm/transparent_hugepage/defrag (defrag/compaction efforts parameter): always defer defer+madvise [madvise] never

Process Memory:
Virtual Size: 6312308K (peak: 6374880K)
Resident Set Size: 785124K (peak: 785124K) (anon: 617456K, file: 167668K, shmem: 0K)
Swapped out: 0K
C-Heap outstanding allocations: 73907K, retained: 91041K
glibc malloc tunables: (default)

/proc/sys/kernel/threads-max (system-wide limit on the number of threads): 125561
/proc/sys/vm/max_map_count (maximum number of memory map areas a process may have): 1048576
/proc/sys/vm/swappiness (control to define how aggressively the kernel swaps out anonymous memory): 60
/proc/sys/kernel/pid_max (system-wide limit on number of process identifiers): 4194304

container (cgroup) information:
container_type: cgroupv2
cpu_cpuset_cpus: not supported
cpu_memory_nodes: not supported
active_processor_count: 12
cpu_quota: not supported
cpu_period: not supported
cpu_shares: not supported
memory_limit_in_bytes: unlimited
memory_and_swap_limit_in_bytes: unlimited
memory_soft_limit_in_bytes: unlimited
memory_usage_in_bytes: 2649404 k
memory_max_usage_in_bytes: not supported
memory_swap_current_in_bytes: unlimited
memory_swap_max_limit_in_bytes: unlimited
maximum number of tasks: 18834
current number of tasks: 257

Steal ticks since vm start: 0
Steal ticks percentage since vm start:  0,000

CPU: total 12 (initial active 12) (6 cores per cpu, 2 threads per core) family 6 model 165 stepping 2 microcode 0x100, cx8, cmov, fxsr, ht, mmx, 3dnowpref, sse, sse2, sse3, ssse3, sse4.1, sse4.2, popcnt, lzcnt, tsc, tscinvbit, avx, avx2, aes, erms, clmul, bmi1, bmi2, adx, fma, vzeroupper, clflush, clflushopt, rdtscp, f16c, pku, ospke
CPU Model and flags from /proc/cpuinfo:
model name	: Intel(R) Core(TM) i5-10500H CPU @ 2.50GHz
flags		: fpu vme de pse tsc msr pae mce cx8 apic sep mtrr pge mca cmov pat pse36 clflush dts acpi mmx fxsr sse sse2 ss ht tm pbe syscall nx pdpe1gb rdtscp lm constant_tsc art arch_perfmon pebs bts rep_good nopl xtopology nonstop_tsc cpuid aperfmperf pni pclmulqdq dtes64 monitor ds_cpl vmx est tm2 ssse3 sdbg fma cx16 xtpr pdcm pcid sse4_1 sse4_2 x2apic movbe popcnt tsc_deadline_timer aes xsave avx f16c rdrand lahf_lm abm 3dnowprefetch cpuid_fault epb ssbd ibrs ibpb stibp ibrs_enhanced tpr_shadow flexpriority ept vpid ept_ad fsgsbase tsc_adjust bmi1 avx2 smep bmi2 erms invpcid mpx rdseed adx smap clflushopt intel_pt xsaveopt xsavec xgetbv1 xsaves dtherm ida arat pln pts hwp hwp_notify hwp_act_window hwp_epp vnmi pku ospke md_clear flush_l1d arch_capabilities

Online cpus: 0-11
Offline cpus: 
BIOS frequency limitation: <Not Available>
Frequency switch latency (ns): 0
Available cpu frequencies: <Not Available>
Current governor: powersave
Core performance/turbo boost: <Not Available>

Memory: 4k page, physical 16146672k(10139320k free), swap 2097148k(2097148k free)
Page Sizes: 4k

vm_info: OpenJDK 64-Bit Server VM (21.0.6+7-LTS) for linux-amd64 JRE (21.0.6+7-LTS), built on 2025-01-21T00:00:00Z by "admin" with gcc 11.3.0

END.
